年月,國別,台北市[金額，新台幣],台北市[筆數],新北市[金額，新台幣],新北市[筆數],桃園市[金額，新台幣],桃園市[筆數],台中市[金額，新台幣],台中市[筆數],台南市[金額，新台幣],台南市[筆數],高雄市[金額，新台幣],高雄市[筆數]
103年01月,英國,496125179,342066,344982789,437897,141851684,191430,180819560,217414,90346865,118600,145108823,181931
103年01月,日本,469974255,96150,291510252,67287,102540748,23358,122552725,26413,69605355,15078,117277658,24885
103年01月,美國,536537571,85967,251233029,52110,93963659,19215,117086598,22170,58460183,11635,79612737,17584
103年01月,中國,253713182,53663,196341488,57885,82080173,23270,93549552,28470,36444194,12944,65341725,20725
103年01月,香港,262807167,33234,136049784,24712,43087584,8423,69011832,11286,30308178,5617,49882988,9263
103年01月,新加坡,203546406,32859,132559416,28311,46191349,10429,55395987,12471,26816531,6083,37912236,9184
103年01月,法國,151572114,7627,63176546,4155,21136249,1505,43525644,1922,14602674,940,19117900,1226
103年01月,澳門,143748997,4322,68073626,3089,25053838,1206,19862709,1419,9454569,705,14357564,1149
103年01月,南韓,73824932,12913,67620883,12088,30410959,5037,32222100,5626,17410349,3095,30173722,5244
103年01月,盧森堡,51507922,94843,46805603,89807,21364230,33288,29326186,48037,10022050,20939,16785718,34456
103年02月,英國,441027725,329266,353766265,413383,139007304,185792,174829955,201128,81786276,112479,137590033,171869
103年02月,日本,403285503,80590,272456560,60479,88471296,19795,130036501,24186,62699086,13815,111186326,22180
103年02月,美國,451701610,74108,223516607,44768,84706318,17450,95562492,19909,44444545,10020,78627539,16537
103年02月,中國,172103240,41766,157426249,46120,60146334,18481,68422767,21724,30575048,10632,43799364,17148
103年02月,香港,214191101,25589,112448752,19460,39918711,6522,53942170,8399,26351712,4624,46684878,7142
103年02月,新加坡,169814488,27766,128479070,23718,37034818,8433,44909526,9921,22232935,4910,34478317,7909
103年02月,法國,121838327,5984,67188826,3728,23126400,1361,26329179,1527,13853978,866,25279701,1108
103年02月,南韓,66209461,11280,72147005,11396,38399288,4744,33051193,4810,16634013,2559,26647357,4543
103年02月,澳門,113322714,3209,39248693,2256,15207442,916,16146026,920,7198489,496,20861860,920
103年02月,義大利,88785271,3893,42438236,2207,18319330,810,29086200,1226,13108004,533,16036965,676
103年03月,英國,526291345,359388,423407904,454870,162445315,203873,207166004,223756,91877120,123142,161004500,189842
103年03月,日本,424400066,87618,327798405,70602,102120936,23486,132454567,27347,72438988,16039,134371665,27556
103年03月,美國,487432902,83006,240944773,49539,88536754,18655,115889580,21994,60031663,10899,101347546,18570
103年03月,中國,285337301,64685,241907164,69616,99946188,28326,110122145,34086,50611907,15923,72305480,25465
103年03月,香港,268785232,31292,144018032,23453,50664477,7872,65807238,10315,32853886,5425,56400400,9195
103年03月,新加坡,204310010,31666,138623656,27888,43387733,10268,67508256,12611,26094166,5723,42522931,9151
103年03月,法國,126613016,7162,64294930,3992,19806372,1283,34243263,2210,27130330,1098,23941886,1544
103年03月,南韓,85484073,14685,71558305,15137,31753989,6168,32347364,6135,18943628,3535,28169115,5662
103年03月,澳門,114686774,4035,82868016,2902,27675745,1130,17180215,1192,11072654,712,14366234,1095
103年03月,義大利,96480952,4288,45142398,2735,15320804,983,35389702,1261,14374836,740,15029917,955
103年04月,英國,502006576,199793,356817118,283609,134107476,132170,155122150,138564,89106484,81861,143228895,126885
103年04月,日本,475294658,90111,304941879,67024,107010239,23591,128057514,26479,74194327,17000,128006368,27972
103年04月,美國,520088775,82724,236120642,47350,87987283,18122,105806253,20714,46953607,10043,83267967,16800
103年04月,中國,281331327,60531,218684838,64445,84876068,26040,101101348,31272,42729318,15384,66158003,23725
103年04月,香港,290089157,28754,140873817,21678,39295517,7200,63057857,8976,32627429,5364,48130776,7929
103年04月,新加坡,182788779,31861,125950625,29229,45890229,11274,58344036,12540,27805473,6432,38428921,9828
103年04月,盧森堡,111378484,195547,103223408,192808,46527105,77855,46166039,88192,22860417,45102,36859922,71026
103年04月,法國,132798388,7470,73871953,4456,25407537,1749,29912793,1941,17919278,1094,29440325,1773
103年04月,澳門,102821334,3288,95198330,2318,22375735,916,25721439,992,7193997,495,10675548,898
103年04月,南韓,78185081,15964,72099718,15135,34927120,6357,29677943,6180,18076585,3673,30132132,5711
103年05月,英國,542731166,221285,410241154,316034,149754678,146269,198110041,157463,86464869,89663,142371355,140305
103年05月,美國,557837539,91908,266115844,53051,96566737,19906,121351615,23511,67444383,11301,95676488,19272
103年05月,日本,424599084,88256,307112569,70995,106841779,24221,132697002,27944,75159129,16761,126138911,26929
103年05月,中國,282339940,64583,229886045,70237,88188993,27578,107424708,35067,39444763,16367,67263812,25500
103年05月,香港,261110020,30559,128669746,22826,45530559,7585,55065149,9733,28072096,5323,51433167,8500
103年05月,新加坡,183564376,29795,118553763,24330,45176687,9248,63271495,11064,28575904,5371,38319925,8333
103年05月,盧森堡,115200818,204512,100433437,203275,46663143,82399,48294355,97226,32366076,49392,34174060,77209
103年05月,法國,141861538,8729,76153726,5457,30874646,1917,48409677,2480,17175407,1188,28309569,2069
103年05月,南韓,82682322,17816,82609024,16900,37538681,6688,31279344,6355,18989061,3590,30168594,6174
103年05月,義大利,114575874,5823,48249246,3117,16982588,1123,43150901,1568,10107083,583,17219267,1110
103年06月,英國,545677629,228168,453420074,324655,162920491,147927,196601221,161080,96280813,91789,168269595,145132
103年06月,日本,464641883,103107,313297456,78749,114373857,27593,130324866,29249,70781154,16693,125965219,28417
103年06月,美國,573511203,98304,261805785,58077,92060037,22053,118485956,26302,62694728,12582,97431314,20710
103年06月,中國,272552124,65404,232436535,71789,93435375,27682,112296630,35287,44539723,16856,73506903,26846
103年06月,香港,292779591,35422,142617923,26612,49662382,8685,62917003,11540,34849086,5949,60691523,10343
103年06月,法國,238553581,13839,117581948,7252,38876447,2409,48349284,3326,20482527,1418,44261998,2679
103年06月,新加坡,179152204,28983,121814267,24376,45082644,9106,56030291,10189,29476890,5026,38623261,8319
103年06月,盧森堡,102482763,197801,104425753,199529,40800882,78101,47162577,96869,27577328,47942,33821665,75188
103年06月,南韓,93868068,18898,87932686,17690,31826428,6680,36084601,7088,19013262,3712,31668545,6681
103年06月,義大利,138800313,6944,61945231,4138,21664053,1251,40903935,1749,10475409,670,18466465,1170
103年07月,英國,558881978,236944,429173818,327463,170374698,147980,223182784,163887,102632449,93962,161579668,149077
103年07月,美國,629279716,114450,287289330,61614,107396613,23421,147905215,28290,62359961,14535,112875024,23357
103年07月,日本,503788978,112451,321597973,79471,122045917,28825,156332735,35468,84980785,19299,134765170,30390
103年07月,中國,287854288,64813,250684844,70763,96363483,27109,108397025,34478,45391723,16468,72545670,26760
103年07月,香港,263375564,35915,152468052,26034,43364807,8999,62049355,11569,28141938,6028,56060143,10379
103年07月,法國,241360101,14431,99648327,7315,33637873,2768,55899077,3963,43877639,2134,32811677,2939
103年07月,新加坡,190936496,33126,125739753,28655,45395070,10508,57632200,12150,28993602,6391,45312462,9535
103年07月,盧森堡,116880884,223151,103998909,221320,43053232,87418,51837494,107638,27731187,53715,36537378,83931
103年07月,南韓,88085346,16566,85918896,15468,34060321,6369,40850075,6977,20436653,3508,32111437,6090
103年07月,義大利,125384067,7104,53381783,4034,16769775,1276,60013294,2400,11383919,946,17921492,1321
103年08月,英國,637619538,245268,461120764,348167,177016633,155848,232110780,173228,111294241,97087,171788252,152861
103年08月,美國,649236990,109138,274636913,60738,111983287,23303,133952082,27994,64972070,14008,103818979,22712
103年08月,日本,440790159,97835,293804048,70097,106505093,24670,138104787,30151,75700307,16367,117897988,27083
103年08月,中國,311346518,67417,261908190,72700,94674789,27467,108330466,36398,47568136,17463,73896595,27246
103年08月,香港,256561650,35993,145796579,27229,44466547,9045,66986904,11555,31967308,5983,55713829,10241
103年08月,新加坡,197535527,31416,126123955,26212,46834449,10494,59716464,12517,29354809,6458,38202748,9676
103年08月,盧森堡,126473550,215382,108997912,212154,41312040,81570,54669108,106657,26358006,51531,37150232,81094
103年08月,法國,157126329,10755,77268884,5294,26410834,1937,33278870,2470,23906925,1380,25330369,2149
103年08月,南韓,79361864,17799,80594241,15822,33119163,5920,40899526,7181,20518265,3672,32566686,5652
103年08月,澳門,108879351,4727,87047057,3372,14328154,1098,24757198,1467,8980614,773,18223016,1218
103年09月,英國,560505555,213526,405814166,301124,166820987,140796,223746319,149450,109251968,85286,162111667,132714
103年09月,日本,450688029,100099,329925435,78196,106358779,25277,126223248,28703,73323399,16263,130942848,28996
103年09月,美國,571925339,95138,271626201,57823,90812500,20589,131893507,25133,60723009,12383,86411699,19710
103年09月,中國,344297928,65193,245451642,69116,92383232,27212,112667081,34764,42151184,16104,80816848,27170
103年09月,香港,285622037,32307,146864013,24185,46048013,7986,72029214,10065,31095179,5547,54868775,9283
103年09月,新加坡,182272136,30518,119080083,25553,43490320,9494,55054390,10981,25489538,5909,36833387,8594
103年09月,法國,221774528,12341,99716600,6777,30883008,1904,38828954,2479,27141608,1462,34631311,1881
103年09月,盧森堡,109866161,175054,94513868,172709,37339377,68762,43665628,84439,29524781,42605,35112297,65932
103年09月,義大利,143072342,6328,67219644,3898,26634135,1157,42418230,1744,14034452,764,18125117,1123
103年09月,南韓,82802061,17975,76047594,16398,29276567,5975,30911583,6415,15716490,3230,28805323,5662
103年10月,英國,525218654,215419,437722057,305445,168468470,142830,211000390,157071,111673793,88448,158787924,135446
103年10月,日本,544645308,102956,385516261,81775,127408449,26797,159311486,31513,99796283,18720,145196663,29478
103年10月,美國,568344128,100049,275601309,61830,93209163,22519,109703852,26258,60419381,13399,97039186,21091
103年10月,中國,318681721,70945,254608021,80018,103529416,32089,116769041,39861,47049713,18734,77777772,29921
103年10月,香港,268466756,29909,150661756,23488,51304719,7731,60331854,10371,37675458,5632,50790097,8554
103年10月,新加坡,187130413,30754,118269214,26929,40756535,9721,61490260,12070,27472114,5844,39647724,9059
103年10月,法國,205443545,10437,98596020,5723,41961185,2121,60848718,2990,25264608,1567,37098913,2338
103年10月,盧森堡,115100327,199677,112233499,203347,42127883,81162,50737924,100208,33052598,48622,35271406,77110
103年10月,南韓,94436402,17239,72725121,16188,29619654,6331,38571195,6540,22588338,4313,33929878,6097
103年10月,義大利,116369141,5821,58605771,3587,22119171,1247,40798973,1560,12722064,791,22250018,1200
103年11月,日本,582580219,106160,409833739,85856,144210767,28434,178905134,34761,91130718,19117,151660725,31370
103年11月,英國,487537998,209338,369772693,303039,159243919,140027,210879909,152139,94093234,87502,147230066,132869
103年11月,美國,555738014,99089,273246404,61542,92782780,23873,129390504,28319,65606119,14907,90540221,22740
103年11月,中國,347768886,85487,279291400,99377,112000581,39695,129981036,47415,55356606,22810,88151740,35796
103年11月,香港,247043858,27526,118974132,20806,43471571,7294,73283922,9177,31620621,4919,49337993,7924
103年11月,新加坡,185024248,30632,115055089,25134,43547106,9202,66314521,11964,21950763,5397,37852055,8794
103年11月,盧森堡,117626218,205320,114572042,211813,41909205,85165,50502438,103337,30328526,51382,36584490,79897
103年11月,法國,148023976,6261,65293584,3915,27220397,1703,36726454,2106,11611220,862,22552598,1537
103年11月,南韓,75568312,16731,66030373,15277,25915118,5457,36582810,6969,18835827,3731,32182581,6080
103年11月,澳門,78549070,3301,61308397,2439,20976718,995,27919114,1159,7436859,595,16258186,949
103年12月,英國,506630913,209010,433878884,303566,161873331,140442,224115946,149212,105846937,88249,157952484,135638
103年12月,日本,567161633,110623,393886633,84652,135558037,28636,164718032,31495,94647429,18864,161593933,30710
103年12月,美國,589044555,107647,289895007,68508,104944959,26647,131552004,30701,60466654,14703,95837317,24420
103年12月,中國,303073275,78654,293503246,94350,102643734,38204,128170547,44821,56593656,22092,88609170,34677
103年12月,香港,270956597,28960,132235314,21103,47554107,7843,58102792,8965,37488375,5210,61085666,8804
103年12月,新加坡,177511194,29152,110659617,23795,38663881,9123,60990898,10763,23262359,5424,34739327,8549
103年12月,盧森堡,129061706,208098,116501741,211913,46894864,88490,54199497,99334,31126559,52878,42789852,82194
103年12月,法國,141421266,5981,70271009,3192,20284717,1531,29482610,1459,8865999,785,25544841,1323
103年12月,南韓,82958497,14510,62873800,14178,25880066,5633,31142912,6636,20658933,4011,33439880,5933
103年12月,澳門,90715578,3563,63854716,2772,22720589,1061,37532176,1218,8009238,684,12484032,1022
104年01月,日本,634347611,120071,419511713,90810,144791452,31442,158063233,32061,101067555,20835,163424764,32533
104年01月,英國,521631257,202781,400341563,292097,167960549,137391,219227572,143664,105934376,86045,157650189,131027
104年01月,美國,577025767,100626,309722983,64249,101133497,23744,126890934,27658,57053692,13558,91881083,21380
104年01月,中國,292903847,76906,257168360,88943,103047017,36716,115255543,41336,48386059,20791,85398607,34492
104年01月,香港,246780172,29712,138953597,21873,40383318,7424,58736677,9159,30158211,4673,51646345,7926
104年01月,新加坡,211730984,31926,123239492,25313,49979000,9872,68313530,11149,24854235,5729,39936127,9023
104年01月,盧森堡,124446227,212314,121024308,215652,50544314,91009,55465658,98355,34055223,55035,42725139,82818
104年01月,法國,107213931,7714,79128656,4439,19155532,1486,28705881,2141,11079971,967,22249213,1547
104年01月,澳門,109217276,4007,55329510,2882,23725861,1171,51167048,1294,8899029,719,15125796,1263
104年01月,南韓,64742536,14329,70042433,14549,30039970,5555,38940353,6766,20909463,4092,29433648,5897
104年02月,日本,680896539,127028,430519529,89763,145370188,31021,188451233,36815,113075999,21771,176834258,35349
104年02月,英國,497204589,196005,392473393,283536,179144554,133879,210524870,136614,94584422,81735,159745962,124190
104年02月,美國,513638445,97414,258168966,63309,98154900,24274,110003988,27879,56584834,13686,80507468,20914
104年02月,中國,168814594,41966,141036572,46943,54496487,19312,66591929,21561,32066099,11093,44484320,18024
104年02月,香港,193174516,25357,95081242,19615,45418676,7510,54167340,8477,30861962,4823,37905939,7399
104年02月,新加坡,190557220,30473,107743705,23237,42654506,8771,45976020,10174,21338046,5367,33550276,8340
104年02月,盧森堡,126766622,200212,128158807,202527,54248315,85964,54203568,92367,31787914,51784,43126074,77321
104年02月,法國,171501233,8436,82325983,5421,28385881,1785,42532021,2222,17766536,1186,31481877,1892
104年02月,南韓,82726959,15101,71652288,13396,34844647,5538,44290883,6079,20021198,3645,31316762,5576
104年02月,義大利,119209239,5763,55621080,3670,37714211,1551,38857836,1837,13502902,853,19398427,1205
104年03月,英國,610744490,213049,489924102,304807,210762032,143945,261455285,147908,115897123,87803,179583719,132460
104年03月,日本,586593368,113905,458139967,96041,165923651,33177,195789195,37554,123229309,25239,199100098,40640
104年03月,美國,630437083,106981,314097067,70426,109854063,26167,137948136,32080,69990625,15551,105261933,24049
104年03月,中國,367044037,80024,272241224,91546,110141531,36906,123216700,43757,53257094,22704,93320005,35742
104年03月,香港,293856534,31805,137332440,23330,48265446,8590,81165316,9734,35949548,5760,55072957,9012
104年03月,新加坡,221075244,34510,140554298,28547,51606852,10805,64789628,12716,28845157,6565,43803487,9706
104年03月,盧森堡,141262562,161196,136764868,167560,61596635,71843,60042171,78337,32970284,42311,47465102,65341
104年03月,法國,196878113,9493,87770011,5523,34849865,2272,43055436,2486,15348799,1228,36964319,2243
104年03月,義大利,116715183,5640,57637481,3691,40792634,1377,36926278,1959,18350486,996,35749214,1725
104年03月,澳門,97992335,3533,81308117,2517,19013839,1036,52084027,1112,6454710,668,18288870,1205
104年04月,日本,756672141,146578,577364505,117976,202803976,41700,246800181,47663,131208633,26956,223052225,43516
104年04月,英國,616779383,219650,461282924,315396,225116394,145956,230875713,156556,108949129,90876,177302880,137756
104年04月,美國,630891224,109016,301732326,71292,111715561,27315,139115681,30814,69492915,14805,105250928,24303
104年04月,中國,336920277,81181,259652290,92497,99388263,36790,128736145,46452,51748930,22522,92154004,36219
104年04月,香港,276360513,33557,152197174,26049,54691961,8956,70251331,10362,40778163,6021,58542313,9485
104年04月,新加坡,222544369,21076,140882508,30281,53631741,11056,66714196,14005,31060248,7486,54561626,11776
104年04月,盧森堡,136692045,185270,143772311,192294,61697855,81223,65483727,93161,39387191,49859,52444927,75559
104年04月,法國,157683139,10140,93353375,6389,34034727,2367,42473280,2587,21105546,1360,42360420,2501
104年04月,南韓,89587847,18129,82712948,17153,31868111,6358,44965525,7012,20408642,4118,36366637,6806
104年04月,義大利,113105528,7186,66635072,4305,20310982,1270,49975854,2137,11510156,894,26610137,1552
104年05月,日本,683850355,141105,547331204,119802,195281655,42539,244495686,50648,139109488,29031,226452981,47374
104年05月,英國,633222131,239270,483631375,346840,220773735,161070,244861433,175327,122096446,101807,202271493,152909
104年05月,美國,742929217,118337,340151780,75835,131039920,28070,157308304,32485,68676862,15561,119131955,26293
104年05月,中國,318043850,87973,277309363,100441,107891665,40419,121145314,51038,55677395,24869,89980309,38874
104年05月,香港,295220874,34054,149024852,26099,49615288,9450,71241853,11512,31444117,6045,58735854,9893
104年05月,新加坡,256690804,4887,159494696,33907,57868640,11923,82967153,16309,33673256,7880,57533075,12715
104年05月,盧森堡,164432318,213337,189973000,224318,69831651,94164,86569888,112448,49146447,58663,59467790,89955
104年05月,法國,195557598,12404,105552841,7378,32474042,2645,48480507,3073,17577119,1494,38427038,2553
104年05月,義大利,129619208,8191,69652621,5076,29943523,1889,44809287,2271,14976773,1047,28555407,1709
104年05月,南韓,86833291,18466,83255489,16697,32070370,6415,36622674,6963,20091181,3977,35082013,6418
104年06月,日本,863551799,172377,666502718,145663,238036698,49807,276330515,55155,155485024,33985,263562249,54437
104年06月,英國,721880961,235493,505148266,331348,219817073,150997,269262472,168613,123197969,98273,213312050,147322
104年06月,美國,678991761,126604,326587419,79250,126084721,31077,160492206,35831,69545454,17245,120396988,29295
104年06月,中國,335400457,85190,267891080,99150,102705651,38969,129757036,50084,52842262,23983,94386333,38402
104年06月,香港,309997597,37528,158552581,28927,55285181,10399,72234351,12708,34280021,6309,67757652,11013
104年06月,新加坡,268790356,10065,155283364,32797,53976977,11719,87603740,16150,35694679,7565,51473917,12144
104年06月,法國,281023368,18655,148455752,10742,48976263,4065,66137089,4638,26445880,1727,58632010,4018
104年06月,盧森堡,151086845,204543,158573239,212547,61382941,87824,74913917,110182,52524257,55691,59131602,86750
104年06月,義大利,154189867,9477,74756320,5485,31493430,2063,45193584,2892,13488578,1120,25645180,1850
104年06月,澳門,143195688,4696,83241139,3711,20288696,1387,48017947,1654,8026120,964,17858050,1380
104年07月,日本,907795180,182136,652023381,141427,238997506,52457,324032400,62913,185893681,37634,285706935,58692
104年07月,英國,699589063,236966,459404298,334469,186105387,152201,276882747,169598,123601192,101312,188102154,150077
104年07月,美國,735978002,141536,344209682,82457,133561197,32029,172273579,39221,82508347,19743,130603258,30071
104年07月,中國,361917760,88112,280948486,101160,104534961,41117,127015473,51692,58109192,25330,97434980,40667
104年07月,新加坡,358365546,20109,210156645,44021,80527800,16539,100203298,22291,46356902,11067,73867394,16381
104年07月,香港,268488051,37146,138120804,28774,51189124,10177,73663051,12968,38214215,6977,62362200,11150
104年07月,法國,283782217,19617,120746842,11285,47836557,4018,67085319,5645,37220686,2661,51800931,4617
104年07月,盧森堡,155041609,214778,167317353,222249,63172225,91638,76503404,111862,48067752,58390,57934805,90166
104年07月,義大利,146305276,9719,57388594,5044,30709495,1910,44526471,2799,23237041,1221,28560896,2200
104年07月,澳門,141477027,4794,75162674,3823,28871335,1437,39303821,1639,8243819,998,17446795,1586
104年08月,日本,829730014,170320,620781961,134772,233097162,51367,278564420,57494,174130894,34907,256258960,56303
104年08月,英國,720053290,268320,544370630,376530,233140857,171270,290207358,197373,137941614,113335,213919099,168916
104年08月,美國,711890518,139490,354161249,80973,144148255,32259,164346625,37164,74005240,18777,125111938,30335
104年08月,中國,347093553,93006,309076070,109574,115932506,43683,137106607,58564,62980350,27774,102205486,45353
104年08月,新加坡,305112845,23075,185204115,48556,65943296,18375,88331837,24634,37304269,12595,62858034,21691
104年08月,香港,305273517,41246,170204520,31785,58679944,10975,81109690,14093,46640905,7939,64632611,12521
104年08月,盧森堡,169080956,237307,176069151,250000,70034861,101813,85484034,131369,59483511,65919,65908271,102100
104年08月,法國,165878986,13539,78394783,7744,34811940,3479,46096072,3568,16982928,1948,32191106,3129
104年08月,澳門,114436111,4960,104566016,3739,21359230,1478,54011955,1739,14767919,1122,17959905,1678
104年08月,義大利,110514927,7257,48148106,4607,20560396,1448,29046477,2480,12965759,1141,20208835,1450
104年09月,日本,836432340,173604,666264175,143471,231538687,49739,275458673,56074,156826155,34004,253939535,53939
104年09月,英國,710950579,248258,521067047,353085,217277718,161522,290508497,179675,133996286,102990,220383395,156424
104年09月,美國,637632662,122214,326041913,77825,122506956,28574,165478485,34258,82092134,17891,118194595,27431
104年09月,中國,365483936,91689,288357747,105237,110986109,43218,143618098,55884,59830484,26900,94866640,42773
104年09月,香港,313663715,40692,175904225,31738,59760198,11114,78447335,13243,40333634,7390,63356430,11642
104年09月,新加坡,278881523,18664,160296955,47735,61378513,17817,82298809,25956,35254667,11448,56280783,21681
104年09月,盧森堡,166739201,233728,170839928,243344,66572578,100462,83575564,126368,54436072,63208,61600569,98648
104年09月,法國,237265207,16004,101269607,8478,38035500,2793,42927903,3318,21719133,1787,28123778,2411
104年09月,義大利,164345717,9317,73173465,5557,24469129,1600,49654969,2673,14487966,1124,22034111,1527
104年09月,南韓,72338515,16847,74145272,16227,25808580,5546,31292340,5970,23571523,4276,35438600,7101
104年10月,日本,925328202,177956,726554239,152788,254225619,51911,308423624,59307,178710788,36737,282243766,60431
104年10月,英國,682611618,247201,512154660,352854,202283587,167281,274308156,173650,120824775,104454,208743514,158112
104年10月,美國,663230310,130031,350581558,81345,128477027,30487,172106142,35194,77768315,18761,126178553,29163
104年10月,中國,329996884,93260,271895779,109033,106154840,46908,132222061,54790,60495682,27551,87933769,44097
104年10月,香港,318935628,38324,180429478,30987,54055393,10654,68868447,12215,37814201,7162,58532522,11073
104年10月,盧森堡,151038690,222020,163019074,234518,67315676,99599,80826567,117090,41273186,62117,59721081,96056
104年10月,新加坡,216050053,36247,149872060,30864,49342742,11215,61316350,13601,32420830,6873,52896966,11613
104年10月,法國,196622239,13513,105348822,8021,54174530,2693,40052474,3121,17691358,1652,32133641,2373
104年10月,義大利,172236012,9462,89728911,5882,32933420,2156,61008785,3355,23905487,1329,27931378,1997
104年10月,南韓,92169269,18761,69528545,16440,39457980,6287,38996504,6429,20737175,4183,35234319,6423
104年11月,日本,936791600,175769,687339358,144098,244571623,49823,313909703,58367,170065263,34492,270870741,55985
104年11月,英國,788688191,396978,635046610,518371,280881087,233286,319136868,261457,161188610,143944,254050600,221684
104年11月,美國,669228228,125498,369238841,79939,131315798,29993,169223015,35776,77416591,18038,131968255,28925
104年11月,中國,433549043,130042,363393651,151527,144513288,64581,171822833,78887,78664327,37452,120734968,61603
104年11月,香港,323772210,40518,185966301,31455,56879934,10910,91546998,13425,46085615,7377,73506368,11623
104年11月,新加坡,236786501,38744,155359918,32236,64267934,11493,77577674,15210,31533005,7324,52587641,11946
104年11月,盧森堡,87372886,104999,89043560,111121,44271598,45103,46366101,63226,22938489,30208,31759743,48203
104年11月,澳門,128249364,5234,76133252,4198,31974863,1629,50665904,1771,10985003,1021,22664727,1844
104年11月,南韓,91734180,20351,79927743,17700,31523944,6962,42922721,7807,21177137,4330,37519762,7236
104年11月,荷蘭,124611923,215432,78491131,128773,23334656,18082,29344983,19891,10720887,8399,20672791,13981
104年12月,日本,992126475,190166,763169471,156941,259827217,52613,342459621,62672,176725361,36284,334153393,58460
104年12月,英國,863166376,434090,695322402,559597,296394360,252136,381644190,285363,170122729,157886,260453836,239276
104年12月,美國,702468162,129614,371209857,81906,136515747,30941,195128362,35780,79899350,18863,135928862,29813
104年12月,中國,387617972,119995,340060370,142191,138907324,61932,164189884,77439,72405632,36321,124831431,60606
104年12月,香港,379561008,42956,202586678,34811,64227093,12110,87036049,15017,58168043,8024,68904323,12621
104年12月,新加坡,253553700,41869,170817498,34993,65765857,12588,96905607,16708,41298365,8345,68635560,13093
104年12月,澳門,124326711,5627,97699944,4489,26257532,1714,85842742,1999,14804083,1100,22285454,1701
104年12月,盧森堡,100443283,121237,106417812,132416,44930408,53288,55048942,73583,23327113,35428,38426266,56323
104年12月,荷蘭,142676764,277021,90857479,168020,22579762,22990,35579316,34296,11568843,10482,24700045,17620
104年12月,南韓,83060457,19732,85215204,18484,35476448,7499,45946814,8461,23113976,4525,32892448,6898
105年01月,日本,989736917,196256,742901378,159717,277860363,57956,330118718,63842,200662896,39082,311466891,61890
105年01月,英國,840299849,395988,670361331,516434,284387364,234740,360882476,265538,163546162,145326,259237669,224787
105年01月,美國,627999690,121929,343280029,77897,126971414,28668,167771909,31836,78238823,17065,112745016,25950
105年01月,中國,372748771,114971,327569692,139863,127073208,59480,160979071,75806,71464661,36156,114247800,59773
105年01月,香港,367487523,42005,171986087,33760,60581742,11909,81372727,14476,43263612,7580,74887954,12437
105年01月,新加坡,261698074,41979,166952314,35124,62557185,12273,90076462,16046,38611623,8071,65030853,13271
105年01月,盧森堡,83295259,113504,102550586,124865,39265250,51265,75518268,72145,23604527,33920,36406166,53849
105年01月,澳門,141981806,5686,91846658,4509,36672146,1852,55824324,2100,9386551,944,20285936,1711
105年01月,南韓,86755676,20191,94781539,20211,40680073,8006,50096363,9149,27270322,4680,42121882,7738
105年01月,荷蘭,152007331,303043,90576325,187639,22355138,23693,33387663,46023,10954654,9773,23734757,16167
105年02月,日本,1103493217,200354,815159889,159781,272618153,54186,372136837,67313,208396387,37821,327787035,60810
105年02月,英國,892632331,413480,716546198,545424,287020977,247414,392287063,274810,168916468,147517,268684166,229578
105年02月,美國,631919330,129247,361463847,78850,129162874,28223,167093180,32972,85743980,17996,154852947,29428
105年02月,中國,223328248,67282,201389369,83189,74275963,34670,95144070,44670,45645215,21110,69188241,35320
105年02月,新加坡,262031172,49765,168861255,40589,55729682,14151,86546808,18112,40954751,8646,55878202,14633
105年02月,香港,271641551,41921,170129054,35556,48551946,12616,72983784,15516,42295079,8175,58981223,12904
105年02月,盧森堡,96968262,116564,103347657,128627,43762918,53094,102893854,73026,25852734,35075,38847060,55132
105年02月,南韓,96988891,21206,103600738,20381,41497955,7839,61131760,9273,26738993,4389,42915478,7371
105年02月,荷蘭,147174461,277080,100767035,177864,30141775,24595,56479228,50554,12377438,10009,25704157,17195
105年02月,法國,152904066,10346,81924434,6567,26569814,2097,43157263,2748,14288663,1271,32085929,2404
105年03月,英國,933087247,415258,760197666,532463,312269559,241792,387374118,262482,175098387,144965,285212767,229039
105年03月,日本,824300064,167027,703818935,149407,254396496,52815,307990949,59541,176716998,36153,308958968,62031
105年03月,美國,666126819,134373,346324430,83921,150962604,30677,164827261,35140,76503159,20684,114301547,29000
105年03月,中國,379898898,117139,347973772,144707,130493414,60964,148215935,73916,68978716,37187,120437315,60886
105年03月,香港,352033583,44665,186682875,37401,62032534,13209,74422556,15093,41170809,7954,73142100,13582
105年03月,新加坡,282329203,47194,165912662,38143,65046740,13726,94276847,17947,77863934,8162,63204998,14115
105年03月,荷蘭,189720400,341526,117527998,213117,32000049,31356,46123570,62921,15475811,12951,34611412,29311
105年03月,盧森堡,109361087,107439,96333758,116149,40059815,50652,84132898,61565,23369612,33504,35117686,50171
105年03月,法國,142494985,10104,81323305,5802,31929785,2131,40172165,2696,23125271,1499,29264356,2203
105年03月,南韓,89614188,21604,87189642,21561,41649980,8641,45945953,9420,22158860,5142,38504159,7757
105年04月,日本,1003479903,194740,782145356,163906,284065707,58975,351598383,67448,176573463,37021,319888746,61909
105年04月,英國,854026346,408001,693111186,517905,285765654,228781,354294574,251515,160178506,141256,259465505,223176
105年04月,美國,646970139,128609,335726404,80489,136400280,30570,156152980,34141,69593468,18124,111840339,28605
105年04月,中國,382285715,119602,339223972,152057,124315965,64243,152381329,79476,74572452,41235,117191970,66359
105年04月,香港,319577911,44899,195179872,37571,59246682,13040,79473995,15155,47237635,8422,74774290,14015
105年04月,新加坡,273075247,46695,170434215,38575,73670581,14052,94432706,18968,92610620,8592,63151825,14230
105年04月,荷蘭,188680865,359062,119668800,225564,30874971,33613,41592708,66660,16281472,13027,34704068,36377
105年04月,南韓,122611014,28762,117744565,27278,54106504,10881,59542483,11938,28410782,6290,48180954,10437
105年04月,盧森堡,117481635,115976,99043265,129752,39242638,54622,64388606,68912,24954168,37471,37340913,57002
105年04月,法國,126015973,10775,83770309,5981,25236444,2315,52951885,2767,24345629,1385,30594982,2530
105年05月,英國,983393780,435316,771274205,537867,302808566,234182,378095049,259095,176889201,146658,292438855,238305
105年05月,日本,835933985,177305,693231662,159324,253000785,57212,311979737,65013,173149206,37885,297067687,60480
105年05月,美國,713272530,132316,337710029,81874,140794703,31195,171220676,35043,73235547,19758,119365020,30274
105年05月,中國,382150167,130121,338646448,164571,136339510,71066,162383077,87927,82454625,45170,124787357,72733
105年05月,香港,333130054,44395,178878343,36223,62687269,13446,85875632,16031,51016411,8689,76326458,14570
105年05月,法國,208025672,11568,130456013,6172,60013353,2445,189986515,2920,52402203,1448,43204574,2499
105年05月,新加坡,261821136,48457,162864735,40614,58888714,14148,91964370,18791,37252630,9596,64440862,14001
105年05月,荷蘭,199071993,400922,123979954,251667,33649432,38743,44765606,75374,16965770,14905,33120560,48783
105年05月,南韓,115634390,26516,110196767,26276,50908451,10708,54231092,10804,25383109,5561,47443944,9205
105年05月,盧森堡,104210112,137043,112161291,155161,48007047,65153,63221809,82893,28669214,45569,43922945,69791
105年06月,英國,1120681214,482807,810453260,605599,345803945,274457,418147007,299214,222389699,174691,307697045,268890
105年06月,日本,1039669879,219812,830848959,188930,309099151,68506,352208324,72988,200551385,43596,316953405,67534
105年06月,美國,763838256,151488,377319130,92697,147494096,35273,178036591,40558,80481823,22516,124976112,33026
105年06月,中國,367084755,124489,318816766,155517,136160780,66512,157926800,83627,75084780,44167,124824148,69816
105年06月,香港,353370889,52748,208107176,44801,72278103,17044,99611408,20008,53617428,11248,93729555,17829
105年06月,法國,319044131,19195,141921463,10395,60656582,3792,106525931,4375,32741273,2088,59453143,3617
105年06月,新加坡,262240146,48029,153759760,39426,60380746,14711,79542712,17324,49181791,9698,57836776,14472
105年06月,荷蘭,222446669,404624,134253344,255480,41253986,42861,52981368,76771,22823316,16540,37717811,54247
105年06月,南韓,142995342,36201,131587276,32575,52609200,12138,65548075,13636,33132962,7088,48150916,10352
105年06月,盧森堡,107021086,138125,110643187,158410,48610977,70932,62248932,85551,32591632,49577,46256877,74730
105年07月,英國,1140966582,504363,858510579,627282,353082427,280705,443327341,310062,222025267,176596,354651012,285315
105年07月,日本,1021281636,217376,810804157,182414,299609337,68144,381223326,80546,202885305,43721,352250429,72054
105年07月,美國,748404870,165832,355997439,94660,154679252,37757,175480144,43832,90295175,29333,129203149,40125
105年07月,中國,358884122,124739,319652173,153506,129137704,65583,149654200,82109,74269896,42514,119346461,69458
105年07月,新加坡,298272174,47140,168174445,41030,62329147,14937,79767180,17739,47688838,9507,56471559,14766
105年07月,香港,285590548,50919,162619695,40558,58846077,14726,75347401,17281,40653577,9628,65639555,15664
105年07月,荷蘭,224987697,473830,143405122,293915,36886207,50406,53763044,85989,21291223,18019,46330285,68193
105年07月,南韓,121064198,29347,137163640,28221,55469373,11516,69283979,13599,34188842,6705,55894515,11582
105年07月,盧森堡,103649460,148817,119384866,167169,67988565,73972,65950475,90234,34017285,52786,47537712,78149
105年07月,法國,209692724,16873,87094143,9088,36732007,3696,44404396,4449,21684625,2308,32047030,3855
105年08月,英國,1068761769,480914,804679345,593303,322580824,266547,445544324,300033,199241078,163023,318410048,261196
105年08月,日本,870626593,177162,650094512,145949,257029119,57256,298291911,63121,168824072,37007,280576929,61953
105年08月,美國,721577521,168117,363561829,100830,163829615,38245,182056627,43989,86675354,27910,121761416,39908
105年08月,中國,340287214,122169,314835066,150707,128347956,65350,154911867,83563,76154614,41652,114833864,68725
105年08月,香港,265870500,53096,148342871,41357,53873328,14379,74829827,17444,33704307,8918,69613446,15802
105年08月,新加坡,246577747,44619,152465037,37187,57474582,13654,79346832,17437,33762074,9100,52906528,13402
105年08月,荷蘭,224667895,508155,151320088,316669,39549150,55297,58774583,95755,22254540,18313,47365562,79680
105年08月,南韓,120352133,30720,119619623,29142,56833765,12239,65404185,12740,31321402,6882,50104917,10425
105年08月,盧森堡,107338035,139645,114669624,156220,48473298,65984,58481800,88658,30984435,47401,45181171,70628
105年08月,澳門,111403664,6007,63683424,4762,25559065,1810,49473725,2160,8157430,1105,18685110,1892
105年09月,英國,1004184163,443231,759822440,546660,296732256,241683,374776399,270419,174635528,142223,289131015,227827
105年09月,日本,926920028,193649,730887860,168958,252584991,59255,306389942,65344,177986316,39039,286656664,62063
105年09月,美國,653206942,153687,321599703,91568,133955063,34969,163355860,39872,73010052,22240,106696498,36033
105年09月,中國,334002781,114001,290802026,143220,113507435,60557,144527591,77633,64187235,37389,103803051,62092
105年09月,香港,278078505,50757,177306849,39835,51697786,14219,75739551,17077,47779227,8438,62826954,14373
105年09月,新加坡,235037535,41702,146165146,35866,53298299,12427,76457846,16469,32878714,7835,53551422,11535
105年09月,荷蘭,221771880,485539,150350449,317109,41124191,57463,55917537,97038,20539903,17504,44238016,87466
105年09月,南韓,111987454,29770,113920817,29509,44529980,10142,56173868,11887,24670764,5720,40167297,9323
105年09月,法國,178728791,15356,82336459,8601,25681850,3048,38228107,3375,13166908,1652,26338104,2605
105年09月,盧森堡,80139662,118717,95591825,132292,35911422,52887,51613013,78529,24292025,38430,36087083,56451
105年10月,英國,963082884,427975,746006058,536098,302596401,235662,392493526,270011,168975064,133952,281849482,225952
105年10月,日本,896803521,182864,688125512,157249,244045179,55990,293542103,63461,163245458,34937,260330795,58166
105年10月,美國,652268960,141813,323420915,88626,116954594,34391,140811832,38396,67343511,20895,104300377,35551
105年10月,中國,319820275,112636,306651409,144086,104468617,58444,139319448,77920,57203729,36968,104473391,61099
105年10月,香港,271417656,42870,158106253,35219,50652268,11849,73004302,14885,31580770,6807,56611788,12540
105年10月,新加坡,228769626,39340,131548224,31221,58349847,12250,77603853,15560,42978358,7005,50347347,11442
105年10月,荷蘭,236935396,521560,161628408,332657,42779573,62224,56475648,100846,21707493,17650,46382625,88860
105年10月,南韓,136794236,30683,112946856,28918,42500172,10345,53750465,11818,26250268,5927,42576397,9435
105年10月,法國,170031676,12593,86008029,7100,21458057,2601,29466536,3306,16774333,1440,24273454,2633
105年10月,盧森堡,81830880,95759,79803586,105039,35788286,40342,49626029,65020,18969567,28410,28985471,43787
105年11月,英國,894401466,367882,678902141,452651,298891485,207668,348093255,222429,162551401,117452,251383148,198168
105年11月,日本,737722578,162052,556901464,136960,200922696,49640,269579242,59604,129891918,30473,230346454,52584
105年11月,美國,634480973,147531,374165367,97423,127996163,37363,167018669,46062,72279720,22055,120397098,34278
105年11月,中國,346869340,140976,334255006,176824,128909396,72760,161245986,91494,73522192,44006,116123976,72176
105年11月,香港,280035206,42191,161675954,34044,55384275,12644,74056316,15052,33768212,7362,59812620,12653
105年11月,盧森堡,133398579,164370,135740677,180234,99993169,73930,93067623,104881,33273209,50191,48348901,75572
105年11月,荷蘭,232261051,549696,148691107,341749,38482268,62972,52080944,102018,18090139,16500,42143717,89012
105年11月,新加坡,215413849,38404,119306401,29303,48392677,10881,74830926,14858,23478121,6807,44762598,10454
105年11月,南韓,115369544,26200,97261602,24200,39496867,9220,46733937,10605,23136032,5528,37144541,8337
105年11月,法國,97268316,8869,78060812,5900,28715115,2471,40438018,2528,11927717,1079,19816543,2112
105年12月,日本,755256555,170446,578591479,144366,215636592,51599,264750510,58351,140963516,34056,255784389,58111
105年12月,英國,655632232,216076,471697815,297055,215688204,144214,269023415,155874,123323259,85762,191002174,135033
105年12月,美國,547477675,132555,305977192,92876,129154868,35806,158439904,39615,62254339,19739,101388488,34417
105年12月,中國,282488163,112535,282814311,146834,107156059,59523,140455566,76075,59226424,36360,102404691,63399
105年12月,盧森堡,199081178,291110,212313986,316415,101587821,131147,111967746,165369,50543413,79415,79891892,131165
105年12月,香港,284634106,40710,169076448,34334,56380432,12724,82381853,14947,35028169,7080,58200146,13009
105年12月,新加坡,163094336,31991,95312550,25182,36915204,9657,58615604,12746,43511091,6304,37619840,9395
105年12月,荷蘭,181546355,523397,115310679,334230,28350783,60028,46551249,105581,12877685,14836,28667200,92331
105年12月,法國,110360580,8769,96673885,6225,27606962,2371,39612139,2823,15745096,1160,26226578,2406
105年12月,南韓,93753246,24061,85050052,23646,35280642,8713,38285650,9971,22059184,5331,33174998,8309
106年01月,日本,723242974,161554,555509541,135456,194072367,49053,246658902,55293,123330388,29497,217381412,50721
106年01月,英國,648204743,228638,502365824,309486,204456854,145280,245398775,153860,111910185,81895,189678816,142652
106年01月,美國,484314181,117957,282657123,90595,134667807,35823,119763938,38195,51061592,20161,86754976,34307
106年01月,盧森堡,177119456,230368,174731435,254650,79170506,104299,92858227,134879,40345976,63658,70865808,109754
106年01月,中國,170404163,69402,183788484,90149,65202581,35516,85834678,44868,38375426,22438,62670334,38756
106年01月,香港,186009489,32991,117749509,29885,38572910,10769,49400102,12833,27049742,6140,41188095,10927
106年01月,新加坡,144443591,30708,84275724,25038,31111447,9112,41422215,11554,27995221,5726,39199489,9583
106年01月,荷蘭,135353326,284205,89951534,185252,23358000,37390,37627234,65232,12726362,10047,24815245,57860
106年01月,南韓,89812791,21453,86286495,20777,32396779,7553,47129243,9780,20734743,4909,32908846,7620
106年01月,法國,130668918,9406,70604455,5939,25312334,2377,24580350,2372,12151175,1290,20709047,2242
106年02月,日本,715918755,156973,576183328,141067,206676579,50060,263802732,58867,142994828,33101,240383757,55793
106年02月,英國,592698608,199631,467711735,276051,207976203,132652,233497789,135641,104430846,75581,179356289,128059
106年02月,美國,469351298,110461,280689235,85243,93421077,32788,132531087,37340,65022859,19591,95863774,33732
106年02月,中國,196545301,82723,186711028,107195,72205869,44793,98271074,56492,44122177,28404,71633697,48833
106年02月,盧森堡,161287941,252912,175772849,279657,73192656,115556,95813055,147548,41377364,69850,70593317,121119
106年02月,香港,170579610,33611,109022615,31617,38179415,11827,49522556,13415,25082784,6708,42655457,11839
106年02月,新加坡,167436386,32632,92582895,28295,36129754,10290,49415425,12358,24346721,6426,35923678,10900
106年02月,南韓,90311669,22520,101017532,24492,45109692,9415,50210225,10185,22265062,5233,37939681,8674
106年02月,法國,92929945,8764,68875603,6332,46486631,2361,28429207,2675,13977164,1340,23957062,2408
106年02月,荷蘭,104358190,113462,67975105,70199,23298523,16546,33782468,26422,13657820,5857,25152217,23547
106年03月,日本,672193020,157034,590071690,144287,211292521,52676,264863078,59799,150115494,35561,267760938,61311
106年03月,英國,710360104,239876,565584848,329227,232230063,162512,273573204,163041,127844604,93755,210983725,154130
106年03月,美國,553584343,127559,309466975,93726,113487575,38648,143012769,42240,66153632,21987,106157002,37510
106年03月,中國,297024857,114903,277322951,145213,99307106,60330,130482578,78937,62889517,39955,101752591,68064
106年03月,愛爾蘭,221937659,225822,231709319,252454,83987635,102519,116154670,132160,52525263,63892,87622954,107149
106年03月,香港,218737703,34968,126060080,30162,39837105,10866,58768497,12947,25404282,6421,49214230,11538
106年03月,新加坡,180740233,34710,111746808,29114,52051218,11530,50834237,13125,24726362,6910,45899506,11372
106年03月,南韓,96637598,25752,96931218,25998,37805167,10255,46360253,11207,25029529,6453,37726598,9990
106年03月,法國,144327141,11099,77375408,7195,29353164,2966,35579714,3289,18180382,1548,30218740,2864
106年03月,荷蘭,112785573,47298,69412147,28606,23868224,9077,36856410,12234,16085176,5337,24376573,8733
106年04月,日本,781435473,173149,609318331,149286,224477371,55600,282935774,64070,150766973,35931,249679968,59020
106年04月,英國,643632695,239363,527776945,330562,225271996,164565,262922677,163273,128389038,97306,205764623,154194
106年04月,美國,569369828,134130,305059775,96144,105337900,38718,148584121,43080,59707978,22509,105039824,39646
106年04月,愛爾蘭,276943156,310812,319004219,339719,121010358,142830,163874556,177177,72087787,89023,112704664,146272
106年04月,中國,291716390,116790,255216103,151074,100652817,65968,130376186,81176,61488973,42071,103476274,70895
106年04月,香港,224040425,36107,131012591,31006,43525327,12125,53610621,12785,28589061,6962,46698673,12035
106年04月,新加坡,182058967,35131,105097225,28468,43774324,11389,60986297,13460,25467601,6659,39590625,11134
106年04月,南韓,114926828,30668,111118498,30573,45187231,11610,54107421,12652,26081125,6817,46573170,11586
106年04月,法國,125502051,11482,63506686,6620,28733166,2820,28734881,3089,12382058,1434,28013460,2677
106年04月,荷蘭,105004919,69601,68506990,43298,27903647,10953,32774040,12938,12397205,5728,24793324,9852
106年05月,日本,664289485,162135,568153717,146966,213481072,54431,260085818,62663,133124105,34128,220507684,55171
106年05月,英國,630400403,207304,508879897,279062,209821935,135392,250684614,138535,110167731,76184,186779201,130484
106年05月,美國,537727911,125529,306724358,95054,109316947,37585,151159655,44054,62141807,22295,101429412,37720
106年05月,愛爾蘭,234158268,270390,276975566,293593,95346456,120362,137164304,155978,57676482,74469,104735574,127894
106年05月,中國,239979760,108653,250862436,137999,88928165,57933,116751611,73124,51385720,35525,90910179,64714
106年05月,香港,193215430,32260,117584060,28296,35939800,10436,47717716,12372,26043278,6183,49537352,11565
106年05月,新加坡,159775409,30691,100002821,24827,46682501,9604,51726855,11740,38960502,5302,35515205,9262
106年05月,法國,145164824,11753,77080982,7792,31031159,2892,34235402,3045,13871952,1594,25877300,2762
106年05月,南韓,84106589,24889,93301727,27855,37596642,10540,42679893,10976,25552595,7080,40349265,10057
106年05月,荷蘭,123641927,113040,74016389,72635,28622421,16179,38475966,23727,14411507,7181,27675303,30224
106年06月,日本,630393662,153802,514977210,139564,198982147,53060,227688257,57322,121105171,32257,204341354,54168
106年06月,英國,568206278,184078,419956093,250967,163726326,120400,214118583,124204,95549906,65732,160106310,120649
106年06月,美國,485755105,116629,278499078,87924,107051869,36094,126839281,42426,59958980,21259,92194838,34864
106年06月,愛爾蘭,209605840,233355,230607801,256842,87462643,103716,119970909,141495,47612919,61766,88928134,112565
106年06月,中國,220879338,97966,201668515,123374,78496393,49889,106079173,65512,45908629,30916,78802929,58122
106年06月,香港,161605422,31067,101538715,25577,33889305,9200,59636688,10966,20033974,5257,38717688,10311
106年06月,法國,165961237,14023,82334162,8313,26506431,3016,40225830,3592,14603628,1740,34578794,3008
106年06月,新加坡,137482476,25933,78240636,20288,37553692,8056,39526309,10056,18587656,4375,28376417,8077
106年06月,南韓,88891405,25532,86349625,26107,33858857,10263,42456814,10627,21043174,6033,35830702,9480
106年06月,荷蘭,120367063,126667,67495970,82026,23705077,18151,34029866,28514,14139896,7135,24764189,33682
106年07月,日本,653604101,158425,551780598,143346,202939844,53641,266693015,64901,137323492,35327,225445363,56319
106年07月,英國,528248992,176417,386093315,243070,156968192,114814,203189097,119337,84110650,65317,156505077,120227
106年07月,美國,504303506,123615,296238413,95585,107661798,39330,136986267,44007,59894435,22690,102907089,37434
106年07月,愛爾蘭,260341787,230758,225126567,251515,87726001,103019,122099506,136830,48188448,60907,86567152,109687
106年07月,中國,232500615,95346,216954364,120051,76931154,48200,102448285,61987,44623798,30080,78234624,56759
106年07月,香港,167813840,34680,111100624,28548,36987159,9578,46071503,11376,22078416,5877,39466411,11450
106年07月,新加坡,146599853,27161,88337877,21144,33850123,8381,38547807,10115,17200662,4474,30577387,8608
106年07月,匈牙利,110228452,15889,88089109,15737,34167795,6565,51091946,9367,19613484,4219,36382690,7561
106年07月,法國,134466168,12025,73172811,7164,25170421,2921,33182266,3515,12677743,1435,27589134,2975
106年07月,南韓,77648055,23071,86225666,24172,31877604,9484,48921894,10504,23005377,6056,35997339,8656
106年08月,日本,554873378,137334,463595142,121980,178753010,47253,222098938,54872,113316570,29719,195279832,51078
106年08月,英國,452555617,175861,361800356,245810,155349122,116611,194097390,125450,83143726,66270,140820475,122601
106年08月,美國,544780935,123147,332044953,96879,123933993,39048,154335900,46369,63970612,23734,118429348,40013
106年08月,愛爾蘭,287246069,233931,228845410,253183,128852065,103365,123504501,139033,48669839,61266,95790672,111695
106年08月,中國,214187239,93650,207186194,117635,78092829,46718,105957763,62188,48445681,30503,80229939,55694
106年08月,香港,180390033,29560,113546221,25449,41577768,10064,49724073,11695,21979225,5673,35473664,9592
106年08月,新加坡,160488168,26547,79229417,20744,32812905,8811,38833894,10541,17025812,4794,31287547,8575
106年08月,匈牙利,111403104,16605,90095949,16659,36947901,7120,56450205,9953,20743600,4351,36583627,7532
106年08月,南韓,84518127,22611,84026790,22569,38787918,10068,43405157,10866,19804370,5868,37227880,8903
106年08月,荷蘭,121918470,170821,78451052,108577,24913895,22809,40140802,38811,14184067,8380,27848828,41320
106年09月,日本,582238919,150556,532199882,138282,182390212,49831,217581640,56869,118956953,33625,207445797,54819
106年09月,英國,509799102,171102,367437429,236658,152335655,113571,182834684,119166,74511630,61893,139990630,111465
106年09月,美國,468318410,119237,276375797,93053,99142397,38196,140902620,42694,57852178,22180,92287471,34730
106年09月,愛爾蘭,215263363,220064,213708008,238420,95843672,96262,123056734,129935,42402753,56568,91708191,103558
106年09月,中國,213330621,89955,203643841,111821,77509840,44720,103215883,59654,43204976,28292,77518571,53412
106年09月,香港,187691438,31726,114357789,27984,38385939,10060,51605829,11837,24510131,5597,39710066,10750
106年09月,新加坡,152312339,25933,82309733,20952,34855093,8685,38823412,9978,18156234,4573,34098965,8264
106年09月,匈牙利,107316891,15640,93787655,15599,32273232,5944,49660462,8465,18394425,3828,32686024,6648
106年09月,荷蘭,138223236,181780,82096774,117606,23982719,24814,37437326,43609,15482740,9093,30131378,44998
106年09月,南韓,82206039,24905,79281811,24011,34285923,10470,37963308,10749,20495752,5897,37573961,9624
106年10月,日本,771348096,179483,627566423,163993,219539874,58631,278396271,70504,145172601,39152,236931702,62121
106年10月,英國,571753067,184640,363163629,253932,147112258,121756,189111602,129548,80091353,66657,147966752,124220
106年10月,美國,506121940,130850,307288104,102454,103783253,40678,145708187,47927,64039523,24021,106144114,38775
106年10月,愛爾蘭,214541023,233863,208476639,250021,91092865,101209,117411419,138152,43628965,58434,87490053,108601
106年10月,中國,217679520,92021,205260585,115115,80786730,47257,105372649,62231,49084991,29236,78932910,53908
106年10月,香港,227670957,34419,128846211,30160,39889801,11043,58942432,13475,28668562,6202,47481222,11172
106年10月,新加坡,164115150,29094,101903297,24485,38912534,9633,45158514,11825,22924931,5309,38969346,9665
106年10月,南韓,91227721,26689,105748173,28690,37755322,10072,46573058,11938,26916497,6129,37287833,9823
106年10月,匈牙利,106881343,16556,92205066,15696,33591637,6286,49581352,8831,20133470,3945,37128951,6959
106年10月,荷蘭,134179045,190640,81249666,128728,24241267,27932,38838383,48538,15137115,10484,26854575,49848
106年11月,日本,650515440,153570,519422817,137748,186655571,50526,242099415,60499,119786210,33299,219947970,56125
106年11月,英國,547011855,190676,417274283,262916,160208092,127999,216652069,136501,86578033,67632,160449815,127372
106年11月,美國,540299677,127443,326381314,102936,118786137,41845,156494777,47773,66916744,23872,122296040,38823
106年11月,中國,275164865,116067,269881817,145644,102423470,59249,139940512,77718,57389143,34135,99586135,65433
106年11月,愛爾蘭,236056524,245957,218415020,265126,89329200,108454,119494369,145751,46671614,63042,93343064,115157
106年11月,香港,218836933,34848,129529538,30073,38750031,11582,69100763,13982,26900114,6678,44710219,11724
106年11月,新加坡,151577837,30545,102492503,26125,38762420,10259,50023527,12741,25515743,6115,42878757,10771
106年11月,南韓,98804854,27913,96480688,27335,37244849,10233,46466552,12335,22483837,6147,34859452,10020
106年11月,荷蘭,121795365,198307,76161040,130535,20393995,28419,35646077,52375,14077221,10290,27575277,51064
106年11月,法國,82399096,8411,49116326,5612,22042708,2636,27478765,2493,11778041,1291,23804465,2260
106年12月,日本,750236878,177280,583902259,155393,220545433,57910,263962777,66404,150499901,38315,253866551,64409
106年12月,英國,557224917,199151,391534286,282250,222295817,142412,215701415,149816,90576147,73236,155296188,131852
106年12月,美國,529047595,129771,321707727,108079,124355932,45163,147144817,51097,62515157,26341,101893241,42214
106年12月,愛爾蘭,267490577,262098,270519356,288745,118667811,120616,158716690,162386,61202663,70817,117288070,126402
106年12月,中國,261364889,109477,250641597,138832,98746658,58488,132070717,73471,55256815,34377,95255571,61668
106年12月,香港,190975582,33899,122740884,29888,49559568,11243,55977591,13966,25020326,6328,49188236,11623
106年12月,新加坡,140187133,28940,99369748,24605,40820967,10407,50710619,12645,24121183,6272,46285447,10627
106年12月,南韓,102828648,27900,86384418,27143,36011341,10775,46476408,11601,20219682,6591,42315868,10863
106年12月,匈牙利,104795762,15375,84088088,14939,32894107,6173,49673448,9278,21222809,4220,40593672,7362
106年12月,荷蘭,136201588,223278,76052007,147266,23654734,33220,37715995,62614,12192726,11611,28066530,57484
107年01月,日本,668504436,164552,546201661,145814,206592375,55680,255643602,64132,134722993,34993,253837531,60969
107年01月,英國,506804748,173733,386351204,244155,217094476,122804,195802625,127782,81849499,64956,154496031,114835
107年01月,美國,507032247,120186,298818050,99241,111448423,40547,129822978,46405,61140365,23329,86959741,37553
107年01月,愛爾蘭,214690896,227608,224216084,249098,94256822,104418,155798592,143611,51251401,61881,98078129,109447
107年01月,中國,221400153,97985,227414858,127311,85498653,53915,124968398,70773,50662980,32596,84807522,58069
107年01月,香港,186829682,34568,123117570,31944,40726324,12351,57158685,15388,26888327,7160,43695031,12511
107年01月,新加坡,152378507,28664,100007665,23972,47853052,10554,48859445,12683,23954425,5519,46873749,10152
107年01月,匈牙利,106008203,14150,87419409,14387,32283870,5906,49224511,8719,21528914,3980,35319232,7075
107年01月,南韓,78949174,20106,79148239,21598,34864381,9078,44603502,10302,25583098,5746,42370269,9460
107年01月,荷蘭,126424155,216098,74368929,143422,20391002,32099,36321910,63316,11901580,11652,25212784,55112
107年02月,日本,738578241,162531,556491056,142705,202352032,52320,286953252,66744,141922906,35765,232685885,56546
107年02月,英國,490880550,193383,332149260,284592,150031451,139527,186516482,146181,77924180,74857,135774152,133569
107年02月,美國,503782344,122263,270958492,102599,113502466,40463,128807794,46740,57992520,24270,95261785,38918
107年02月,愛爾蘭,223660629,240460,232122255,267075,99768736,113537,157336183,148520,55596923,66406,103906038,117452
107年02月,香港,183321911,37170,122941175,38122,39421166,15630,53491487,18182,28447857,8741,43493073,15414
107年02月,中國,131661807,51350,123208683,66869,48849341,27189,67527436,34753,27405777,16505,49721652,30041
107年02月,新加坡,149346178,29403,96914487,24658,36678416,10092,49222914,12188,22123429,5376,39027439,10019
107年02月,南韓,95781842,24414,100645973,24150,41672186,10251,59386510,11819,24574942,5722,49667108,9357
107年02月,匈牙利,112092403,15484,94773060,16010,34242475,6463,50015141,9247,19846873,4027,36656128,6920
107年02月,荷蘭,128989690,208821,75663786,142207,22173910,35085,40610358,65695,12111824,11178,25730165,56865
107年03月,日本,700720865,172120,619499246,161494,233386917,60327,325753625,73233,164635727,42671,292757122,71309
107年03月,英國,503778836,216241,399773317,319374,168388994,158573,214067141,163759,97034083,86703,170005587,151057
107年03月,美國,615291132,149176,380120977,124879,155366019,50238,172195401,57721,79888416,29635,130921347,46601
107年03月,中國,316836698,120130,284532187,160675,114263603,69518,155820739,88542,67284611,41685,116427313,75161
107年03月,愛爾蘭,268367491,293496,262026439,329707,114854542,137664,160305423,182382,61598131,80184,122413535,144208
107年03月,新加坡,285291886,43837,195591598,37981,77277630,15563,93694742,18731,41918976,8235,82540619,15163
107年03月,香港,236610343,45146,185212820,42883,58893803,17346,72561986,20934,35664112,9761,67599445,17524
107年03月,匈牙利,180154441,23491,161554330,24856,61378830,10528,81978397,14003,35857661,6406,62563911,11014
107年03月,南韓,117111472,31837,116833940,33824,48013197,12504,65543695,16167,34609120,8146,61163850,14262
107年03月,荷蘭,155889260,286565,99312116,196830,27775704,45462,50066718,87259,19339247,15597,42023112,75801
107年04月,日本,920592796,221423,759073548,195820,283751785,72677,386359316,90261,186646761,47150,316448677,80032
107年04月,美國,704647058,171910,415022307,138068,164100338,55312,215770491,63037,88392797,32408,145146144,51328
107年04月,英國,530845236,243137,450530845,355859,182478099,171870,234616293,180376,100314240,95953,177023755,164691
107年04月,愛爾蘭,294577479,317888,291034355,356165,126219844,149858,169631802,194457,65494094,86068,130728407,154595
107年04月,中國,292613533,125098,293094221,162150,117277140,70843,157833170,89702,75833484,42536,129721983,74968
107年04月,新加坡,351137114,50920,215279364,42320,86730275,17313,115673520,21267,45936676,9329,86298633,16241
107年04月,香港,279136803,50107,187480317,47563,71879992,18843,91213702,23125,36344374,10475,63143345,18326
107年04月,南韓,153247810,44795,156462553,45256,63005017,16778,80599384,19484,38874630,10136,73814191,16844
107年04月,荷蘭,192872979,334695,117983994,221732,34741403,51065,53693835,98587,20056936,17490,40321416,83206
107年04月,匈牙利,125449713,18788,115511566,19103,46261251,8176,62993672,11339,27413845,5016,45510215,8486
107年05月,日本,852568378,214758,704258561,195437,271484358,75178,345800853,89120,177547636,49316,305094006,82031
107年05月,美國,896211633,302737,571204327,321078,241478012,146997,291661117,158937,126899305,81874,196578597,142923
107年05月,英國,653536181,176325,486796866,221865,205104598,101723,270630864,111472,114097800,57802,191277170,99847
107年05月,中國,334356010,142229,346389298,182070,130926850,78698,168440216,99720,74659291,46960,127871835,82463
107年05月,愛爾蘭,320138593,348116,307984132,375203,129866964,155202,175325334,203264,67345341,90034,134360485,160121
107年05月,新加坡,398782724,55572,236293762,45469,100040411,18909,126517450,23027,52298094,10411,88463682,17963
107年05月,香港,250534851,52391,180167737,48422,65724706,19932,82141249,23629,38595637,11078,68429675,19584
107年05月,荷蘭,214486869,425496,133160386,263602,43192489,61762,64785077,116613,19835567,19612,44945116,97778
107年05月,南韓,132146578,36692,141146627,37412,58997202,14389,73153662,16788,35644396,7969,65571448,13743
107年05月,法國,192024212,17471,94955815,9843,38117535,4437,49180575,4975,19787684,2298,40363730,4155
107年06月,日本,992679027,244918,757902142,217961,294415754,82845,348583213,94146,185623937,53584,317345708,85823
107年06月,美國,957296595,383584,611506509,452738,262542819,213174,305216416,223435,140008485,116123,222225004,200204
107年06月,英國,614523168,93300,394043973,81544,175314830,32710,208403937,40728,80574615,20338,133253861,33760
107年06月,中國,318794224,138546,334954585,176372,127462103,76742,167409921,97111,73278171,45688,121326124,80521
107年06月,愛爾蘭,296715237,338532,289155583,363806,125736328,152265,167336706,199156,66396492,89042,134170498,157357
107年06月,新加坡,387425649,56615,253360226,47372,97376364,19630,121136754,22918,50009579,10541,87413791,18216
107年06月,香港,264149707,56908,184977775,52756,70419421,20736,103316179,25385,36474848,11932,77160521,21170
107年06月,南韓,146137690,42841,152381708,43009,62936021,16249,76741968,18588,35806929,8669,64863272,15468
107年06月,法國,236933885,24841,117222278,14206,40503344,5326,63690481,6834,22326335,2787,51982970,5805
107年06月,荷蘭,221399172,441796,135743478,277691,36981748,66090,62986120,129750,20019528,21255,47397986,108602
107年07月,日本,999425709,240308,762075980,206688,294243875,80124,395866020,98709,200703298,54894,339371075,89879
107年07月,美國,974414816,399138,612309449,460949,262568327,216324,316854001,234112,137421417,116987,231338464,206999
107年07月,英國,505878499,86590,324063440,71931,130730076,29120,197863341,37317,75188905,18671,129628951,30972
107年07月,愛爾蘭,329727033,349954,315089111,374033,134988724,157170,175614693,206743,71762035,92918,138401248,163462
107年07月,中國,295955200,124768,286359212,160244,128491448,70457,155458533,89213,73531686,42878,118242979,75619
107年07月,新加坡,392140188,61024,263675283,50881,104139467,20962,131680969,26120,53183990,11439,95399224,20090
107年07月,香港,238408183,52742,174491392,47238,77085384,19249,86136078,22879,37514686,11142,66268953,18974
107年07月,匈牙利,161846443,25579,148524530,26579,65565774,11898,87967323,16846,37352887,7696,66919066,13211
107年07月,荷蘭,228131980,477895,139526710,295118,38658443,69285,63191542,136189,19070633,22289,48250617,111974
107年07月,法國,217154969,22255,112667840,13341,41617162,5468,63716863,7487,24730207,3373,48239599,5506
107年08月,日本,828763011,203561,659857437,177633,270294284,72270,334877190,85593,174397281,47325,305148087,79910
107年08月,美國,854184034,369064,570778521,436154,238218492,206565,300264460,226061,140325827,117044,217620196,199575
107年08月,英國,460062655,97642,299226872,92845,106359754,39430,178671267,50355,63634217,24741,111271310,41916
107年08月,愛爾蘭,295318021,304492,293415853,336547,118906567,140731,163008072,189588,66893585,85221,130019973,149116
107年08月,中國,266466979,83544,254296073,104866,100201500,44315,115360134,58719,54015409,27918,90995689,49374
107年08月,新加坡,324256379,64168,214190720,60984,86166153,26200,112937218,32320,43646170,14382,85536861,26639
107年08月,香港,240637205,47971,166038133,43395,63309939,17457,74606890,20606,44254158,10634,60947675,17761
107年08月,荷蘭,233738654,488890,147771556,307264,42112941,72853,68711421,140645,21017487,22574,49722437,118108
107年08月,匈牙利,156302274,24653,144042311,24919,59994552,11385,79534667,15931,35380190,7187,58581017,12104
107年08月,南韓,108629595,33073,121942146,32512,58596339,13543,65272073,15447,33181507,7422,55483388,13044
107年09月,日本,814970374,212240,684931475,194387,241421404,69069,309469521,83930,161076353,46033,289973509,79202
107年09月,美國,820458125,382853,575742201,466189,245866402,212496,296035914,232979,142726943,120155,213189771,205039
107年09月,英國,538795879,117582,296772580,115328,100199982,48366,173405219,60630,52968857,28435,107533807,49132
107年09月,愛爾蘭,319560519,332942,314128365,366366,132087967,153763,175512096,202264,69599988,90354,133805972,159380
107年09月,中國,240666772,66020,222019693,78427,97193086,32713,103992837,43105,49419016,20921,80268910,34021
107年09月,新加坡,246906863,69668,194177975,70542,74107592,30527,99905239,36793,38060834,16744,68161781,30461
107年09月,香港,253435888,53673,175261144,47921,70886632,19137,85237723,22748,35415368,11045,65799774,19441
107年09月,荷蘭,256982022,541259,149406155,345410,46817462,80179,71896612,147401,23128645,24961,53013140,122558
107年09月,匈牙利,153600229,22870,133627708,23852,51718789,9992,68464124,13545,29943668,6264,53044869,11070
107年09月,南韓,121668121,36979,139454552,37868,65338924,15707,66306906,16567,35974071,8687,59948193,14772
107年10月,日本,854033928,211510,695818380,193608,263963580,73008,340966253,87146,179068119,48104,305469851,82620
107年10月,美國,798702169,366470,539461893,455772,242309114,215339,274604272,230987,124053174,119519,194917221,202244
107年10月,英國,526860303,122103,319512312,132321,127464720,57906,183015933,71188,66918744,32716,125561276,59906
107年10月,愛爾蘭,292359318,331789,293071028,364242,125233586,154850,174088236,205419,68730396,91521,125964552,159100
107年10月,香港,292772416,51102,184737928,45082,67062717,17751,138578772,21394,36896951,10097,58981912,17403
107年10月,新加坡,260617102,74325,202496602,77181,80323347,34857,100693207,41681,42232734,19598,74386884,33669
107年10月,中國,213028467,49934,185509542,58542,70328843,23037,92565958,30443,44835520,14388,62140955,23460
107年10月,荷蘭,257866557,542703,150074729,351874,39877401,83007,70665364,153427,21667355,24457,50704207,121158
107年10月,西班牙,224215870,19368,125377386,14485,44662629,5716,54202684,7525,25748158,3504,46405252,5863
107年10月,南韓,137475426,37890,140444553,39105,58819576,15399,72525728,16371,42443917,8889,57526907,15424
107年11月,日本,892223108,218729,683896685,194228,264678788,74525,345621914,89416,168929706,46813,299114821,79869
107年11月,美國,912140658,399758,620764923,495451,256152300,232462,309076980,243836,147375703,128965,234286657,217454
107年11月,英國,617036485,167380,433178598,188575,197659889,82075,255723644,105130,90601878,47941,161168223,86347
107年11月,愛爾蘭,345919879,359415,343780312,395007,150228424,169684,232008512,219316,78625044,97876,141313921,171260
107年11月,中國,251327295,59963,239362908,70254,86097364,27332,112831037,35905,50750619,16618,80142475,27282
107年11月,新加坡,285130454,76322,201454055,77884,85217198,33674,108627600,42286,48603168,19859,83700913,33236
107年11月,香港,265351055,58379,183529949,50329,67574216,19802,91499096,22870,45534341,11509,66034282,19428
107年11月,荷蘭,259278553,585513,156434134,378629,48552232,115821,75770355,165690,23845026,26475,56072119,130673
107年11月,南韓,131745724,38577,150069152,39812,65038339,16705,83333618,18231,33555818,9178,65467941,15250
107年11月,匈牙利,157901107,23656,141787030,24406,57109478,10617,73011898,14625,34329392,7018,57994197,12121
107年12月,日本,1047913893,250973,769999980,211687,290932291,81611,349656666,93710,194142117,54005,336973292,89447
107年12月,美國,856125360,413365,567575538,528791,244141309,254397,283371600,263656,142734412,142193,218243949,239506
107年12月,英國,551730518,163930,414344643,186685,175760182,83729,229527034,103630,95769803,48596,168587567,86031
107年12月,愛爾蘭,352018491,381334,349266783,424211,148143323,180568,192978810,232820,80182016,106005,146871875,185015
107年12月,香港,287032518,63150,202668770,54097,79967274,20454,103073033,23893,38504403,11470,68810224,19581
107年12月,新加坡,253832766,65890,197452996,64274,74853132,27164,133654188,33856,39056690,14832,71146585,25741
107年12月,中國,219116201,54355,202282156,63015,77422573,25062,97950150,31881,41997968,15551,69025766,25063
107年12月,荷蘭,267367577,631656,169696633,414395,53208248,117655,81089757,182160,23397461,30396,61789506,143632
107年12月,匈牙利,179884222,27598,167342523,28449,65077310,12305,87130666,16798,40637116,8009,70925918,14176
107年12月,南韓,125213786,36195,143147333,40151,59322602,16557,81675976,18411,34509390,9674,60344639,14128
108年01月,日本,945879686,240057,728746718,205692,285808536,81274,353427392,93109,188584143,52175,325260336,87991
108年01月,美國,826803425,375378,568440531,483074,233636974,237237,269604082,244642,126037226,129424,205680441,221316
108年01月,英國,550722007,136836,383914757,150066,171115506,68209,215728970,85271,83245769,40848,151758451,70753
108年01月,愛爾蘭,336512547,340988,312800189,382727,131830513,169028,192539527,219210,73966478,99070,140508625,173391
108年01月,新加坡,258763971,57594,166799212,54168,72210599,23758,100791234,28892,36552610,12970,65376199,22693
108年01月,香港,249820807,51520,161686556,46091,55722660,18355,131980543,22504,36141192,10387,61680893,18252
108年01月,荷蘭,273595907,617732,167412765,409207,53488447,121828,86441728,189574,26124262,29286,58057669,142761
108年01月,匈牙利,191596278,25715,162487715,26317,69211372,11843,92267758,16070,40641088,7628,71014853,12804
108年01月,中國,187486826,41031,189015491,47629,67402691,19335,80212241,25172,33597789,11810,57117686,19199
108年01月,南韓,122478774,32864,137777789,35114,58961467,14851,78179612,16370,37927438,8597,56483210,13249
108年02月,日本,1010346467,235248,734302273,200426,271209809,72454,376811257,94873,196780687,50539,328602987,83014
108年02月,美國,738379626,379926,535870061,493214,223145245,237876,274971770,250798,123458175,132145,198502151,220199
108年02月,英國,517034624,122498,363557270,128827,159749471,56564,210212808,73813,86804404,35556,149437001,60935
108年02月,愛爾蘭,315718264,356673,320894462,402934,138291307,178665,193058398,229529,75039846,104379,135704860,180285
108年02月,香港,219924091,50927,161064717,50606,56192293,20589,137842053,25331,32986499,11692,62584549,20235
108年02月,荷蘭,257770054,548173,160842744,381273,53142647,118393,83016491,187856,20807623,26618,54827828,137442
108年02月,新加坡,220986356,52392,153605833,46373,62831487,19719,78889471,24341,31122633,10980,57481438,19175
108年02月,南韓,117650148,33537,131186208,35304,52424650,12710,90300316,16601,36012877,7853,57805528,12707
108年02月,匈牙利,135743469,20515,128000520,21981,51515852,9480,71061974,13687,31507230,6016,53415056,10095
108年02月,西班牙,167287994,19349,116469843,14488,38812333,5717,58382543,7418,24034209,3563,41437524,5879
108年03月,日本,1000524391,247504,820680599,226794,313967017,84594,394063679,103462,211243067,55990,384255036,98134
108年03月,英國,809698302,194776,659249679,213460,266754285,94468,355134318,118146,156730462,56986,266289662,101888
108年03月,美國,910230889,418556,620112779,523840,261034956,250587,307873887,262608,144007992,137500,222105999,230410
108年03月,愛爾蘭,328069940,389474,335631646,432589,160432500,189216,185885864,243915,76877788,110153,142051233,193102
108年03月,香港,300512850,64719,211022148,59206,72248636,23033,199757687,28321,41541291,12972,82042977,23268
108年03月,荷蘭,328738498,768873,208645489,518188,71933629,170773,110752575,258374,30070474,37426,72594352,177566
108年03月,新加坡,283263129,66511,193328891,62441,82041611,26724,99357657,33021,36669768,14557,74359262,25432
108年03月,中國,225429850,50296,202592283,57627,81618144,23067,94654118,29469,37768588,13535,69158439,22592
108年03月,南韓,144721542,44287,172536020,49525,72575917,19063,88854836,21146,43290474,11504,70379132,17864
108年03月,西班牙,212895189,21557,139936515,16430,49437605,6423,66697625,7976,26905656,3915,53429565,7149
108年04月,日本,1005933530,265985,780777290,233470,296994114,86759,402599853,109865,198012919,57679,346720957,96519
108年04月,美國,940251645,427913,607295403,535524,250025051,255199,304409122,273432,141547140,138345,227243486,240746
108年04月,英國,772322241,185767,602150257,202780,237949662,90896,331017087,115764,139310816,53546,250028164,96444
108年04月,愛爾蘭,335991082,402272,345031208,453014,142056340,196689,211545804,255198,82962040,116176,143319482,200302
108年04月,荷蘭,337202558,767181,212628301,517761,74496430,177273,115281871,265017,29356098,37690,74861789,181279
108年04月,香港,269292203,49870,170084914,40545,62090033,15956,95369570,19815,37683990,9209,66918319,16010
108年04月,新加坡,249258553,62490,173617315,57959,70857149,24485,92823678,30784,44518058,13247,69031803,22238
108年04月,中國,216420866,46852,190446754,52958,77705260,21570,92950686,26900,38493359,12659,64660277,20690
108年04月,南韓,173515632,53356,184205425,54821,72637090,21731,93495572,21976,39129721,11213,77201847,19328
108年04月,西班牙,220582094,21147,123504404,15872,48619448,6022,63111076,7893,26313844,3842,48388188,6605
108年05月,日本,890952519,240156,743088833,228398,290553429,86660,373318028,107518,181672478,54283,332247784,93295
108年05月,美國,995813072,446330,658439786,552597,278223387,265312,336508961,281468,160295179,149269,261931821,253420
108年05月,英國,852219315,196960,643588005,213890,269866235,95313,361248022,123789,151473618,58212,262232698,100226
108年05月,愛爾蘭,359179669,389995,337340982,434042,153563795,190517,198218441,247967,80454506,112092,142544906,193280
108年05月,荷蘭,384530705,847532,231619049,574457,85501906,201923,127737100,300808,32544503,41970,81600315,209121
108年05月,中國,218499206,48924,193780643,55390,77678181,22456,100479494,28704,41940086,13675,70286995,22347
108年05月,香港,260268167,50009,159090018,40599,58395496,16341,96993885,20839,39330325,9649,71356915,17478
108年05月,新加坡,252034988,59971,168494574,55895,68617933,23654,88894743,29627,34268412,12481,63876963,22690
108年05月,南韓,144175060,45750,154699827,47831,67325523,19656,81793357,21137,38009912,10431,63859712,17104
108年05月,西班牙,226774297,21631,129024680,16129,46344317,6255,64211121,8180,28048462,4071,46042693,6521
108年06月,日本,1053113619,288023,851329005,269309,322437611,99794,404590580,118751,212921053,64931,348995828,104306
108年06月,英國,881379612,218092,699104843,238113,295556569,106662,385347378,135289,160491525,65423,283205000,112622
108年06月,美國,962862950,448524,645312407,556692,269023714,262733,318329722,279890,159263333,146182,239278865,253281
108年06月,愛爾蘭,340978895,382565,334611508,423902,150354991,186456,213821540,241620,79266085,108403,139380035,189033
108年06月,荷蘭,389591567,870900,247989124,612856,86429036,214120,132249929,323017,31239962,45639,89364098,226975
108年06月,香港,267045811,54998,170317825,45842,60930265,18361,99871364,22966,42803372,10517,78145176,19786
108年06月,新加坡,258067839,61601,171646994,58280,78363040,24808,97528878,30824,40927663,13409,63818272,23423
108年06月,中國,208965357,46136,190201794,52125,74274160,21215,93110064,26756,40521260,12424,69366665,21462
108年06月,南韓,158693480,53704,169236997,54743,80496908,22176,88441821,23155,39096823,11893,68368216,18170
108年06月,西班牙,244138001,24629,133929652,18458,50582710,7222,75075372,9705,27149360,4389,53886553,7829
108年07月,日本,1095932280,289022,828225101,252969,322491012,98148,443302553,123996,219114781,67011,366304330,106653
108年07月,美國,1101744455,460411,629175866,539887,276960365,256393,358372810,278016,152332293,144893,246684410,248948
108年07月,英國,916209025,211591,674256879,225097,288870941,100351,402200569,131933,166251986,63043,280284052,107192
108年07月,愛爾蘭,342882276,385582,332930212,423351,151219433,187311,198658040,249315,80738829,111496,147305989,193650
108年07月,荷蘭,403933243,891573,248753646,607933,91473633,220587,144978076,340886,38459967,76707,92245685,231969
108年07月,香港,279281716,69335,173519270,60872,64177520,22988,100054925,30150,38720893,14436,71934469,26939
108年07月,新加坡,237170839,64912,178374769,58065,77207467,24137,97199200,31700,38206725,13462,68569614,24650
108年07月,中國,195860022,43489,194690600,47934,68525618,19340,97163158,25338,39420758,11599,69262957,20472
108年07月,西班牙,231203178,23928,131627332,17604,51260091,7009,72332672,9885,30542025,4726,55279529,7710
108年07月,南韓,151080829,47263,151247957,46301,68239098,20356,92101294,21790,42343261,12016,66066962,17358
108年08月,日本,987800037,268921,770864327,240042,322768765,98846,395097185,114582,211221743,64096,351885384,103824
108年08月,美國,1076994790,458968,669029822,569470,294689464,269457,371251624,295999,165719957,154402,256249370,263924
108年08月,英國,882255067,214748,666939842,230541,293967099,105358,394899476,133508,170668914,66006,280072063,112591
108年08月,愛爾蘭,357939795,368046,333809586,418569,152018530,184332,194023808,243035,83682027,110028,151882916,192970
108年08月,荷蘭,416595002,889710,265692189,626486,100334485,227090,154479772,354225,42999185,90473,98112557,236812
108年08月,新加坡,246764188,62991,174757811,57108,67724574,23803,95550548,31179,38501135,13437,64966176,23769
108年08月,中國,202088107,44403,183601067,48859,73814809,19579,88687129,25688,36461093,11975,68396126,21322
108年08月,香港,220116591,46171,136717090,40462,51236358,16143,75274219,19680,34577405,10100,59138298,17590
108年08月,南韓,142718493,48414,142578575,46757,66316644,20061,85049587,22047,36976322,10654,68682705,19304
108年08月,西班牙,187969904,20704,115077474,15336,47977141,5936,58502915,8127,25889592,3873,37843089,6005
108年09月,日本,992405725,276778,798657399,260138,310701419,99203,367857935,113550,196356491,63525,341166250,101239
108年09月,英國,809237064,202701,630430045,217096,254307161,97237,355806980,125357,157085441,60075,257924248,103356
108年09月,美國,893375622,416005,588672892,535716,246513771,255546,301368980,269322,143733265,142845,225963745,244346
108年09月,愛爾蘭,334483057,353251,314078096,398376,146036457,175880,188481216,230201,78795159,103098,137297471,179110
108年09月,荷蘭,398334986,894282,265832951,668800,98950907,249825,151779753,374065,43252773,83549,99554591,239680
108年09月,新加坡,256852002,60449,163574386,55327,65645499,23087,88458267,29263,37434573,12673,61811934,22581
108年09月,中國,179602305,40765,169163339,47727,63321594,18860,91433654,24423,36853433,11984,79918362,20066
108年09月,香港,199920982,40199,135650869,35721,49359445,14640,75444759,17355,30101111,8492,56346647,15312
108年09月,南韓,140075189,49263,153174479,51201,61731420,20525,78875075,21246,41333964,11637,71526497,20162
108年09月,西班牙,199939750,21263,120473708,16007,44004826,6099,56501002,7791,24588492,3769,47020942,6721
108年10月,日本,1138246506,303210,943310734,282324,338495525,105969,444251528,126313,228076479,70120,407323491,112637
108年10月,英國,900973100,226923,717854258,248337,289615664,111801,419810258,144267,169874031,66763,280630725,117469
108年10月,美國,1009380570,463789,665991816,582202,284238925,281053,335606674,293422,168499364,154257,244641962,263209
108年10月,愛爾蘭,369646523,395607,359127816,444656,162259075,196762,209622162,254308,86736392,114265,155448337,198749
108年10月,荷蘭,456581011,978914,285984745,714325,111740202,269869,163248492,419200,43460375,86577,105116430,269370
108年10月,新加坡,289626299,68370,179768520,61432,68346747,25429,100287735,32132,39882216,14056,65819790,24288
108年10月,南韓,200380846,61338,196130455,64251,84676301,25669,105782047,28726,49211284,15538,93698267,27041
108年10月,中國,211309495,45790,175827075,50868,71313241,20280,87856621,26501,37576026,12199,70133848,21080
108年10月,香港,246622985,46929,166561318,41013,54031652,16218,81748813,19210,35399261,9142,69438805,17188
108年10月,西班牙,222491138,26321,133916930,18568,56909532,7360,61959913,9024,29276517,4558,49649178,7243
108年11月,日本,1123489309,301183,884985891,273165,337986960,105043,430472181,124047,222276835,66888,389506632,115876
108年11月,英國,962186449,251494,718812452,288416,323926814,132358,424920568,165387,176239295,77643,310877026,139433
108年11月,美國,1053685709,478408,710530136,603212,304117086,290090,351367044,304341,173930506,156928,263924558,269241
108年11月,愛爾蘭,383389275,408874,369550289,462273,174413515,206093,235545553,261059,89278912,119168,160127730,205712
108年11月,荷蘭,469959921,1019714,301860979,734518,114818404,283888,175144945,443017,52166230,90046,110147094,278947
108年11月,新加坡,306651005,83370,226761790,77837,91068273,32309,119759636,40753,52433917,17788,90404001,32139
108年11月,中國,274418971,59076,231357360,68069,92193293,26968,122425661,34046,51356972,15879,91405757,27255
108年11月,香港,272220816,49241,202452369,44812,76076097,18344,105494664,22001,46642212,10603,90048180,19472
108年11月,南韓,169509209,57855,178753654,59106,79363093,25825,98125657,26970,44587769,13181,87812599,23810
108年11月,西班牙,183337930,22427,124821799,16757,48338401,6684,66469402,8746,26732977,3972,49577731,7411
108年12月,日本,1218577111,327370,925240361,289402,353289460,113976,424488860,129990,237821032,73928,398212936,120931
108年12月,美國,1093032722,501723,748119733,647889,308649982,303622,375898617,323827,177988881,168122,271088602,288118
108年12月,英國,792948636,220729,633609292,254564,276083971,117547,382003232,149746,155276818,70707,271737099,122237
108年12月,愛爾蘭,413434029,430315,400141004,490268,179257722,217341,234411907,280298,96692690,128123,166773086,217575
108年12月,荷蘭,472611426,1022641,318353749,772961,127463425,311322,184296220,410259,51975027,104734,113686296,273048
108年12月,新加坡,333769753,81765,249465865,80244,102628125,33381,132871582,43570,56995582,19034,99493813,32418
108年12月,香港,307602446,67269,209299542,55068,73954378,19217,106821317,22480,45656529,10657,102693355,19235
108年12月,中國,245709870,55988,205697328,62632,79689308,25464,99508336,32089,43473985,15308,75079456,25974
108年12月,南韓,148487230,48829,146515659,51190,66289816,21583,84632339,25171,40209461,12304,78208410,21663
108年12月,法國,193519151,17168,99755106,10459,38738050,4806,58851249,7122,20262054,2220,47111578,4742
109年01月,日本,1219270130,334161,951611814,300702,360524689,114100,472418172,135109,242994552,73313,394359348,118863
109年01月,美國,929966246,472563,659846473,642255,289305118,307081,328354591,323747,151385478,169587,247724483,290361
109年01月,英國,698417876,166942,493577679,165597,228007908,74097,300811195,95066,130737594,44405,215534289,78350
109年01月,愛爾蘭,395715912,403589,396130690,469030,183421685,213252,230183273,271927,95570638,124749,169152065,211717
109年01月,荷蘭,454545526,914991,308580888,722328,126630800,277246,182274135,402308,52377323,90577,114088849,263149
109年01月,新加坡,324847007,70858,242238610,68931,100633525,29818,123246285,36162,55459054,16590,88827143,27931
109年01月,香港,230248932,83601,164163585,61101,64514789,17954,80407925,20299,34886011,9752,62012607,17459
109年01月,南韓,137058716,41945,151126461,44390,63151939,17542,89489924,21951,39758787,10292,70738026,17368
109年01月,法國,202039230,16519,77718210,9647,32277749,4195,51363849,7568,20995396,2407,46078263,4391
109年01月,西班牙,146406286,17039,98176136,13999,33993413,5530,49749156,7378,20540238,3285,43348861,5839
109年02月,美國,925994207,480931,660548518,652939,295351601,309810,333627974,328387,158548960,169905,247823656,293340
109年02月,日本,663748909,224842,566680157,218639,225411162,84562,284669788,103950,143519248,55379,248328579,92497
109年02月,愛爾蘭,449715911,437189,387770622,500977,183919083,228903,228108329,286236,91406229,130051,164923792,222582
109年02月,荷蘭,459261360,1049698,305690240,798308,120817319,310209,187084637,457401,46133166,101445,103461511,279281
109年02月,英國,428616667,114697,277240720,99369,121050347,43691,160139456,56809,68513375,26045,99055501,45355
109年02月,新加坡,275604137,77424,211190971,77230,95965485,33696,118917411,42325,58289693,19847,88327544,34124
109年02月,澳洲,187283530,25645,106270167,19288,41765234,8697,61548641,9583,32063700,4601,42312247,8101
109年02月,南韓,74494474,25638,91463315,29206,45052830,13173,62362823,14949,32278663,7931,50461822,13522
109年02月,法國,134882393,13128,73156304,9020,38218031,3774,39824318,4400,20331016,2004,31702494,3068
109年02月,香港,102576276,81481,88593294,55488,28674256,14476,46247614,14391,19438990,6877,33732553,12571
,,,,,,,,,,,,,
,,,,,,,,,,,,,
備註1,,,,,,,,,,,,,
上述國家別順序係依當月消費金額作排名。,,,,,,,,,,,,,
