證券代號,證券名稱,成交股數,成交金額,開盤價,最高價,最低價,收盤價,漲跌價差,成交筆數
"0050","元大台灣50","9,849,000","827,110,850","84.00","84.20","83.50","83.80","-0.10","7,520"
"0051","元大中型100","45,000","1,526,740","33.73","34.06","33.73","34.04","+0.37","17"
"0052","富邦科技","122,000","7,719,600","63.65","63.65","63.05","63.25","-0.30","17"
"0053","元大電子","17,000","654,000","38.52","38.52","38.43","38.45","+0.15","12"
"0054","元大台商50","131,000","2,980,480","22.78","22.82","22.75","22.75","+0.06","8"
"0055","元大MSCI金融","24,000","409,910","17.10","17.12","17.04","17.05","-0.05","21"
"0056","元大高股息","11,311,000","310,938,360","27.43","27.54","27.42","27.48","+0.05","5,802"
"0057","富邦摩台","50,000","2,766,800","55.40","55.40","55.25","55.25"," 0.00","9"
"0061","元大寶滬深","665,000","11,655,170","17.52","17.59","17.43","17.54","+0.02","137"
"006203","元大MSCI台灣","4,000","157,470","39.45","39.46","39.26","39.26","-0.07","4"
"006204","永豐臺灣加權","25,000","1,356,250","54.25","54.25","54.25","54.25","+0.25","3"
"006205","富邦上証","3,129,000","91,302,060","29.20","29.24","29.10","29.24","+0.07","756"
"006206","元大上證50","530,000","16,151,180","30.46","30.55","30.36","30.55","+0.09","213"
"006207","FH滬深","481,000","10,989,390","22.76","22.91","22.76","22.90","+0.07","313"
"006208","富邦台50","711,000","34,117,320","48.03","48.14","47.84","47.95"," 0.00","232"
"00625K","富邦上証+R","50,000","350,500","7.01","7.01","7.01","7.01","+0.01","2"
"00631L","元大台灣50正2","7,068,000","311,737,740","44.20","44.39","43.72","44.00","+0.18","1,965"
"00632R","元大台灣50反1","70,956,000","728,934,040","10.27","10.32","10.24","10.29","-0.01","6,163"
"00633L","富邦上証正2","6,768,000","285,110,640","42.01","42.40","41.93","42.25","+0.19","977"
"00634R","富邦上証反1","517,000","2,956,510","5.74","5.74","5.71","5.72"," 0.00","64"
"00635U","元大S&P黃金","1,340,000","33,268,650","24.75","24.86","24.75","24.83","+0.22","555"
"00636","國泰中國A50","2,508,000","51,032,560","20.33","20.41","20.26","20.40","+0.09","823"
"00636K","國泰中國A50+U","100","676","6.76","6.76","6.76","6.76","+0.01","1"
"00637L","元大滬深300正2","44,497,000","723,315,320","16.20","16.35","16.18","16.30","+0.07","3,135"
"00638R","元大滬深300反1","386,000","4,444,690","11.56","11.56","11.49","11.49","-0.04","68"
"00639","富邦深100","3,051,000","34,750,140","11.40","11.44","11.37","11.40","+0.01","526"
"00640L","富邦日本正2","971,000","16,373,600","16.76","16.97","16.73","16.89","+0.19","187"
"00641R","富邦日本反1","685,000","10,120,060","14.81","14.82","14.72","14.77","-0.07","99"
"00642U","元大S&P石油","23,273,000","223,016,120","9.50","9.64","9.50","9.60","-0.04","6,531"
"00643","群益深証中小","1,471,000","20,161,730","13.74","13.76","13.65","13.73","+0.08","850"
"00643K","群益深証中小+R","0","0","0.00","0.00","0.00","0.00"," 0.00","0"
"00645","富邦日本","79,000","1,530,610","19.25","19.40","19.25","19.36","+0.16","11"
"00646","元大S&P500","436,000","11,705,430","26.81","26.90","26.80","26.87","-0.10","217"
"00647L","元大S&P500正2","1,931,000","61,523,970","31.86","32.17","31.50","32.13","-0.21","290"
"00648R","元大S&P500反1","1,696,000","19,000,310","11.22","11.23","11.18","11.18","+0.03","154"
"00650L","FH香港正2","248,000","5,477,390","22.08","22.26","21.92","22.01","+0.01","80"
"00651R","FH香港反1","186,000","1,650,430","8.87","8.91","8.84","8.87","-0.02","33"
"00652","富邦印度","1,589,000","26,291,910","16.63","16.64","16.46","16.53","-0.21","512"
"00653L","富邦印度正2","12,577,000","180,537,730","14.27","14.58","14.21","14.43","-0.22","2,323"
"00654R","富邦印度反1","160,000","2,654,950","16.70","16.70","16.48","16.50","+0.07","52"
"00655L","國泰中國A50正2","3,347,000","102,523,890","30.54","30.80","30.47","30.72","+0.15","443"
"00656R","國泰中國A50反1","145,000","1,513,670","10.46","10.46","10.43","10.45","-0.01","13"
"00657","國泰日經225","102,000","2,618,200","25.49","25.71","25.49","25.67","+0.22","4"
"00657K","國泰日經225+U","100","855","8.55","8.55","8.55","8.55","+0.07","1"
"00660","元大歐洲50","19,000","391,550","20.60","20.65","20.56","20.65","-0.12","13"
"00661","元大日經225","32,000","832,230","25.95","26.01","25.95","26.01","X0.00","3"
"00662","富邦NASDAQ","463,000","16,691,230","35.99","36.17","35.96","36.07","-0.04","78"
"00663L","國泰臺灣加權正2","340,000","13,476,930","39.63","39.85","39.23","39.47","+0.08","48"
"00664R","國泰臺灣加權反1","4,620,000","53,945,190","11.67","11.73","11.63","11.69","-0.01","368"
"00665L","富邦恒生國企正2","157,000","3,310,720","20.80","21.20","20.80","21.01","+0.09","32"
"00666R","富邦恒生國企反1","81,000","1,111,330","13.73","13.73","13.72","13.72","-0.01","3"
"00668","國泰美國道瓊","548,000","14,526,340","26.50","26.57","26.45","26.53","-0.25","172"
"00668K","國泰美國道瓊+U","100","885","8.85","8.85","8.85","8.85"," 0.00","1"
"00669R","國泰美國道瓊反1","5,006,000","61,573,030","12.32","12.32","12.27","12.29","+0.08","603"
"00670L","富邦NASDAQ正2","845,000","38,158,180","45.00","45.35","44.95","45.29","+0.26","246"
"00671R","富邦NASDAQ反1","1,483,000","13,873,940","9.38","9.38","9.34","9.36","-0.01","214"
"00672L","元大S&P原油正2","26,569,000","68,504,290","2.50","2.65","2.50","2.59","-0.09","2,073"
"00673R","元大S&P原油反1","732,000","27,872,010","38.31","38.33","37.84","37.88","-0.13","222"
"00674R","元大S&P黃金反1","494,000","6,878,030","13.96","13.96","13.90","13.94","-0.09","105"
"00675L","富邦臺灣加權正2","475,000","8,203,540","17.28","17.36","17.12","17.21","+0.05","200"
"00676R","富邦臺灣加權反1","1,941,000","12,251,270","6.31","6.35","6.29","6.33"," 0.00","232"
"00677U","富邦VIX","146,562,000","937,856,420","6.41","6.45","6.36","6.40","+0.16","9,625"
"00678","群益NBI生技","586,000","14,987,630","25.52","25.77","25.50","25.51","-0.41","67"
"00680L","元大美債20正2","123,000","3,949,340","32.07","32.14","32.05","32.11","+0.06","44"
"00681R","元大美債20反1","4,000","50,920","12.76","12.76","12.72","12.72","-0.04","2"
"00682U","元大美元指數","0","0","0.00","0.00","0.00","0.00"," 0.00","0"
"00683L","元大美元指數正2","4,000","80,560","20.14","20.14","20.14","20.14","-0.03","2"
"00684R","元大美元指數反1","0","0","0.00","0.00","0.00","0.00"," 0.00","0"
"00685L","群益臺灣加權正2","16,000","235,250","14.69","14.82","14.64","14.64","-0.06","15"
"00686R","群益臺灣加權反1","111,000","763,160","6.87","6.91","6.86","6.89"," 0.00","46"
"00688L","國泰20年美債正2","100,000","3,263,000","32.63","32.63","32.63","32.63","+0.11","2"
"00689R","國泰20年美債反1","100,000","1,305,000","13.05","13.05","13.05","13.05","-0.02","2"
"00690","兆豐藍籌30","182,000","3,990,450","21.95","22.00","21.90","21.90","+0.05","22"
"00691R","兆豐藍籌30反1","1,000","13,940","13.94","13.94","13.94","13.94","-0.06","1"
"00692","富邦公司治理","1,796,000","39,194,990","21.85","21.88","21.72","21.82","+0.05","419"
"00693U","街口S&P黃豆","2,058,000","28,255,840","13.71","13.76","13.70","13.73","+0.02","476"
"00700","富邦恒生國企","102,000","1,892,030","18.55","18.55","18.48","18.55"," 0.00","4"
"00701","國泰股利精選30","1,441,000","28,972,960","20.10","20.14","20.07","20.11","+0.05","516"
"00702","國泰標普低波高息","5,000","78,720","15.70","15.78","15.70","15.76","-0.13","5"
"00703","台新MSCI中國","121,000","2,534,360","20.86","21.02","20.86","20.92","+0.13","36"
"00706L","元大S&P日圓正2","29,000","497,980","17.16","17.20","17.14","17.20","-0.12","9"
"00707R","元大S&P日圓反1","1,000","19,630","19.63","19.63","19.63","19.63","+0.07","1"
"00708L","元大S&P黃金正2","5,856,000","167,579,320","28.45","28.70","28.45","28.59","+0.47","1,286"
"00709","富邦歐洲","125,000","2,169,790","17.33","17.38","17.30","17.30","-0.12","11"
"00710B","FH彭博高收益債","1,355,000","24,583,920","18.17","18.17","18.11","18.12","+0.08","68"
"00711B","FH彭博新興債","684,000","14,444,920","21.10","21.16","21.10","21.16","+0.11","11"
"00712","FH富時不動產","3,581,000","33,609,570","9.25","9.50","9.25","9.49","+0.17","952"
"00713","元大台灣高息低波","44,000","1,351,110","30.81","30.81","30.65","30.70","-0.01","27"
"00714","群益道瓊美國地產","7,000","119,250","17.04","17.05","17.01","17.05","-0.07","5"
"00715L","街口布蘭特油正2","17,585,000","97,902,990","5.49","5.65","5.49","5.58","-0.02","1,320"
"00717","富邦美國特別股","712,000","11,577,890","16.23","16.29","16.23","16.29","+0.06","128"
"00728","第一金工業30","339,000","6,426,050","18.97","19.03","18.90","18.96","+0.07","43"
"00730","富邦臺灣優質高息","427,000","7,109,100","16.70","16.70","16.61","16.63","-0.06","149"
"00731","FH富時高息低波","420,000","18,628,850","44.43","44.43","44.25","44.27","+0.01","29"
"00732","國泰RMB短期報酬","100,000","3,800,000","38.00","38.00","38.00","38.00","-0.02","2"
"00733","富邦臺灣中小","241,000","4,946,730","20.37","20.55","20.35","20.47"," 0.00","15"
"00735","國泰臺韓科技","181,000","3,524,380","19.47","19.52","19.42","19.46","+0.08","15"
"00736","國泰新興市場","514,000","8,931,730","17.20","17.43","17.20","17.38","+0.21","49"
"00737","國泰AI+Robo","676,000","14,735,320","21.67","21.89","21.60","21.87","+0.22","243"
"00738U","元大道瓊白銀","7,622,000","150,867,790","19.51","19.86","19.51","19.80","+0.68","1,184"
"00739","元大MSCI A股","239,000","4,999,190","20.90","21.00","20.89","20.90"," 0.00","28"
"00742","新光內需收益","283,000","5,740,700","20.28","20.30","20.27","20.30","+0.06","10"
"00743","國泰中國A150","58,000","1,208,920","20.88","20.89","20.76","20.86","+0.07","13"
"00752","中信中國50","2,978,000","70,762,050","23.71","23.85","23.65","23.83","+0.27","682"
"00753L","中信中國50正2","426,000","10,487,180","24.55","24.80","24.45","24.53","+0.28","166"
"00757","統一FANG+","260,000","7,282,810","28.00","28.02","27.90","28.02","+0.17","30"
"00762","元大全球AI","791,000","21,088,680","26.51","26.73","26.51","26.65","+0.31","476"
"00763U","街口道瓊銅","98,000","1,620,140","16.50","16.57","16.50","16.57","+0.07","31"
"00766L","台新MSCI中國正2","418,000","3,831,510","9.15","9.24","9.11","9.15","+0.05","62"
"00770","國泰北美科技","41,000","1,062,120","25.86","25.98","25.86","25.98","+0.16","13"
"00771","元大US高息特別股","71,000","1,318,770","18.56","18.59","18.53","18.59","+0.09","37"
"00774B","新光中國政金綠債","746,000","29,409,920","39.46","39.46","39.39","39.40","-0.07","29"
"00774C","新光中政金綠債+R","0","0","0.00","0.00","0.00","0.00"," 0.00","0"
"00775B","新光投等債15+","4,000","178,960","44.68","44.80","44.68","44.80","+0.50","3"
"00776","新光ICE美國權值","0","0","0.00","0.00","0.00","0.00"," 0.00","0"
"00783","富邦中証500","1,058,000","19,420,560","18.35","18.45","18.31","18.33"," 0.00","46"
"008201","BP上證50","0","0","0.00","0.00","0.00","0.00"," 0.00","0"
"00830","國泰費城半導體","1,562,000","26,483,970","16.88","17.00","16.88","16.99","+0.10","391"
"00850","元大臺灣ESG永續","1,224,000","25,821,210","21.11","21.15","21.00","21.07","+0.04","489"
"00851","台新全球AI","329,000","7,382,220","22.36","22.45","22.36","22.45","+0.22","33"
"00852L","國泰美國道瓊正2","15,312,000","169,490,420","11.03","11.12","11.02","11.11","-0.15","1,742"
"00861","元大全球未來通訊","3,057,000","60,838,800","19.89","19.93","19.86","19.90","+0.01","889"
"00865B","國泰US短期公債","114,000","4,508,640","39.55","39.55","39.54","39.54","-0.01","6"
"00866","新光Shiller CAPE","29,000","521,130","17.97","17.97","17.97","17.97","-0.02","3"
"00875","國泰網路資安","1,687,000","38,625,370","22.84","22.96","22.82","22.95","+0.15","463"
"01001T","土銀富邦R1","6,000","96,950","16.15","16.17","16.15","16.17","+0.02","4"
"01002T","土銀國泰R1","57,000","963,190","16.90","16.92","16.89","16.90","X0.00","21"
"01003T","兆豐新光R1","222,000","4,162,750","18.71","18.80","18.71","18.75","+0.04","13"
"01004T","土銀富邦R2","6,000","85,380","14.23","14.23","14.23","14.23"," 0.00","3"
"01007T","兆豐國泰R2","23,000","399,430","17.51","17.51","17.34","17.51","X0.00","22"
"01009T","王道圓滿R1","10,000","92,760","9.28","9.28","9.27","9.27","+0.06","3"
"01010T","京城樂富R1","174,000","1,725,520","9.92","9.92","9.90","9.91","-0.01","16"
"020000","富邦特選蘋果N","51,000","254,740","4.99","5.00","4.98","4.99"," 0.00","11"
"020002","元富新中國N","0","0","0.00","0.00","0.00","0.00"," 0.00","0"
"020004","兆豐電菁英30N","2,000","43,380","21.69","21.69","21.69","21.69","X0.00","1"
"020006","永昌中小300N","0","0","0.00","0.00","0.00","0.00"," 0.00","0"
"020007","凱基臺灣500N","0","0","0.00","0.00","0.00","0.00"," 0.00","0"
"020008","元大特股高息N","14,000","144,400","10.32","10.33","10.31","10.31","-0.01","7"
"020011","統一微波高息20N","0","0","0.00","0.00","0.00","0.00"," 0.00","0"
"020012","富邦行動通訊N","875,000","4,360,880","4.97","5.00","4.96","4.97","+0.01","60"
"020015","統一MSCI美低波N","322,000","3,793,170","11.76","11.80","11.75","11.79","-0.07","68"
"020016","統一MSCI美科技N","81,000","1,003,160","12.37","12.41","12.36","12.41","+0.02","29"
"02001L","富邦蘋果正二N","1,000","5,630","5.63","5.63","5.63","5.63","+0.02","1"
"02001R","富邦蘋果反一N","66,000","309,370","4.67","4.71","4.65","4.71","+0.01","14"
"1101","台泥","11,131,000","479,187,950","43.20","43.20","42.90","42.90","-0.10","3,893"
"1101B","台泥乙特","5,000","271,500","53.90","54.50","53.90","54.50","X0.00","5"
"1102","亞泥","8,584,000","377,289,300","44.00","44.05","43.75","43.90","-0.15","2,906"
"1103","嘉泥","568,000","9,127,750","16.15","16.15","16.00","16.10","-0.10","186"
"1104","環泥","276,000","4,865,200","17.65","17.75","17.55","17.70","+0.10","146"
"1108","幸福","511,000","4,478,790","8.81","8.82","8.72","8.80","-0.01","129"
"1109","信大","183,000","3,188,450","17.50","17.50","17.30","17.30","-0.10","74"
"1110","東泥","106,000","1,663,150","15.85","16.15","15.50","15.65","-0.20","50"
"1201","味全","840,000","18,691,400","22.30","22.45","22.05","22.15","-0.15","385"
"1203","味王","85,000","2,409,600","28.40","28.50","28.15","28.20","-0.20","44"
"1210","大成","4,366,000","192,577,950","44.75","44.90","43.80","43.85","-0.95","2,574"
"1213","大飲","13,000","75,920","5.76","6.08","5.76","5.80","-0.05","7"
"1215","卜蜂","1,061,000","75,242,700","71.00","71.10","70.60","70.80","-0.20","667"
"1216","統一","7,544,000","536,337,400","71.00","71.30","70.60","71.30","+1.10","3,694"
"1217","愛之味","1,005,000","7,177,660","7.19","7.20","7.12","7.13","-0.01","329"
"1218","泰山","1,042,000","25,538,350","24.45","24.90","24.25","24.30","-0.05","548"
"1219","福壽","83,000","1,583,150","19.10","19.40","19.00","19.40","+0.20","46"
"1220","台榮","207,000","2,183,350","10.50","10.60","10.50","10.55","+0.05","60"
"1225","福懋油","94,000","3,556,150","37.80","38.15","37.50","37.65","-0.15","33"
"1227","佳格","807,000","53,894,000","67.20","67.20","66.30","66.30","-0.40","536"
"1229","聯華","3,759,000","157,724,750","42.30","42.40","41.65","41.80","-0.50","1,852"
"1231","聯華食","118,000","4,891,400","41.40","41.50","41.35","41.50","+0.10","74"
"1232","大統益","27,000","3,186,500","118.00","118.50","117.50","118.50","+0.50","22"
"1233","天仁","27,000","981,600","35.55","36.80","35.55","35.80","+0.25","19"
"1234","黑松","63,000","2,014,400","32.05","32.15","31.85","31.85","-0.20","46"
"1235","興泰","7,000","181,150","26.10","26.10","25.60","25.60","+0.10","6"
"1236","宏亞","23,000","273,650","11.90","11.90","11.85","11.85"," 0.00","11"
"1256","鮮活果汁-KY","67,000","13,594,000","202.50","204.00","201.00","203.50","+0.50","52"
"1301","台塑","6,001,000","517,680,100","86.80","86.90","85.40","86.40","+0.20","3,348"
"1303","南亞","4,043,000","257,848,100","64.00","64.00","63.40","63.90","+0.30","2,083"
"1304","台聚","3,227,000","39,200,900","12.30","12.30","12.05","12.20","-0.20","1,136"
"1305","華夏","7,297,000","141,791,650","19.90","20.00","19.10","19.20","-0.70","3,203"
"1307","三芳","1,796,000","44,681,350","24.05","25.60","24.00","24.75","+0.50","1,077"
"1308","亞聚","3,258,000","57,220,900","17.80","17.80","17.40","17.70","-0.10","1,456"
"1309","台達化","25,158,000","300,378,300","11.75","12.55","11.30","12.30","+0.65","6,966"
"1310","台苯","2,579,000","42,936,800","16.90","16.90","16.50","16.50","-0.35","1,236"
"1312","國喬","26,442,000","406,125,650","15.40","15.70","15.00","15.15"," 0.00","8,264"
"1312A","國喬特","3,000","91,950","30.70","30.70","30.55","30.55","-0.25","2"
"1313","聯成","861,000","8,144,380","9.47","9.52","9.40","9.41","-0.11","326"
"1314","中石化","17,687,000","149,270,280","8.52","8.53","8.35","8.39","-0.03","4,157"
"1315","達新","1,777,000","93,302,400","51.50","54.00","51.20","53.90","+2.20","883"
"1316","上曜","263,000","2,943,400","11.20","11.25","11.10","11.15","-0.05","126"
"1319","東陽","2,678,000","98,483,200","36.50","37.50","36.00","37.50","+1.15","1,461"
"1321","大洋","114,000","3,430,750","30.40","30.40","30.00","30.05","-0.25","63"
"1323","永裕","67,000","2,216,650","33.05","33.20","32.90","33.20","+0.40","48"
"1324","地球","70,000","656,250","9.19","9.43","9.19","9.37","+0.11","22"
"1325","恆大","10,510,000","1,560,810,000","149.50","149.50","143.00","149.50","+13.50","4,983"
"1326","台化","5,361,000","392,754,900","73.50","73.60","72.90","73.20"," 0.00","2,529"
"1337","再生-KY","1,449,000","7,595,500","5.45","5.45","5.10","5.13","-0.13","424"
"1338","廣華-KY","466,000","24,019,700","50.60","52.60","50.50","52.10","+1.40","391"
"1339","昭輝","2,613,000","112,233,400","42.00","44.25","41.70","43.00","+1.00","1,765"
"1340","勝悅-KY","497,000","5,167,400","10.30","10.60","10.15","10.40","+0.20","238"
"1341","富林-KY","20,000","1,217,100","61.90","61.90","60.60","61.80","-0.10","13"
"1402","遠東新","24,104,000","664,880,100","27.40","27.90","27.10","27.60","+0.20","9,614"
"1409","新纖","1,931,000","21,155,650","11.05","11.05","10.90","10.90","-0.15","627"
"1410","南染","2,000","61,250","30.80","30.80","30.45","30.45","-0.35","2"
"1413","宏洲","134,000","941,220","7.08","7.08","7.00","7.02","-0.06","25"
"1414","東和","123,000","796,520","6.49","6.50","6.45","6.47"," 0.00","37"
"1416","廣豐","148,000","1,645,750","11.15","11.15","11.10","11.10","-0.10","50"
"1417","嘉裕","326,000","2,604,670","8.09","8.09","7.92","7.92","-0.06","113"
"1418","東華","14,000","78,450","5.62","5.63","5.50","5.50","+0.37","7"
"1419","新紡","32,000","1,299,200","41.75","41.75","40.20","40.50","-1.25","30"
"1423","利華","53,000","570,250","10.75","10.80","10.75","10.75"," 0.00","18"
"1432","大魯閣","131,000","744,650","5.68","5.82","5.63","5.74","-0.10","54"
"1434","福懋","1,406,000","47,697,650","33.85","34.10","33.80","33.95","+0.05","628"
"1435","中福","131,000","1,064,790","8.22","8.22","8.08","8.12","-0.06","57"
"1436","華友聯","51,000","1,886,350","37.55","37.55","36.80","36.80","-0.40","45"
"1437","勤益控","95,000","1,947,650","20.55","20.60","20.45","20.50","-0.10","40"
"1438","裕豐","7,000","89,850","12.90","12.95","12.60","12.95","-0.60","7"
"1439","中和","424,000","14,584,500","34.10","34.75","34.10","34.30","-0.50","242"
"1440","南紡","816,000","7,188,080","8.75","8.85","8.75","8.81","+0.06","313"
"1441","大東","36,000","249,420","6.95","6.95","6.87","6.94","-0.03","23"
"1442","名軒","76,000","1,337,250","17.65","17.75","17.50","17.50","+0.05","51"
"1443","立益","72,000","632,100","8.68","8.99","8.68","8.99","+0.31","30"
"1444","力麗","1,336,000","9,318,200","7.02","7.06","6.91","6.91","-0.14","446"
"1445","大宇","191,000","1,595,820","8.32","8.42","8.30","8.36","+0.04","52"
"1446","宏和","80,000","2,351,900","29.05","29.55","29.05","29.20"," 0.00","60"
"1447","力鵬","324,000","1,890,160","5.85","5.86","5.80","5.83","+0.02","138"
"1449","佳和","1,873,000","29,110,500","15.90","16.00","15.10","15.15","-0.25","661"
"1451","年興","296,000","4,349,450","14.50","14.75","14.50","14.70","+0.20","117"
"1452","宏益","150,000","2,525,100","16.85","16.90","16.80","16.80","-0.05","75"
"1453","大將","19,000","131,180","6.89","6.97","6.89","6.89","+0.02","12"
"1454","台富","217,000","1,724,330","7.85","7.97","7.82","7.95"," 0.00","34"
"1455","集盛","697,000","4,982,260","7.16","7.18","7.12","7.15"," 0.00","153"
"1456","怡華","8,000","63,850","8.00","8.05","7.91","8.00","-0.10","7"
"1457","宜進","361,000","4,322,100","12.10","12.10","11.85","11.90","-0.15","129"
"1459","聯發","227,000","1,563,020","6.93","6.96","6.85","6.95","-0.01","37"
"1460","宏遠","1,521,000","11,219,910","7.39","7.59","7.25","7.26","-0.13","622"
"1463","強盛","64,000","727,450","11.40","11.40","11.30","11.30","-0.10","33"
"1464","得力","393,000","8,087,200","20.70","20.70","20.50","20.55","-0.05","219"
"1465","偉全","94,000","1,427,500","15.20","15.35","15.10","15.15","-0.05","59"
"1466","聚隆","90,000","687,940","7.91","7.91","7.60","7.69","-0.19","48"
"1467","南緯","3,267,000","33,897,360","10.00","10.80","9.97","10.45","+0.40","623"
"1468","昶和","11,000","108,490","9.72","9.99","9.70","9.99","+0.01","10"
"1470","大統新創","3,000","58,900","19.35","19.80","19.35","19.75","+0.75","3"
"1471","首利","82,000","203,560","2.55","2.55","2.43","2.49","-0.06","21"
"1472","三洋紡","763,000","9,232,800","12.15","12.55","11.70","11.75","-0.30","355"
"1473","台南","106,000","2,092,500","19.85","20.00","19.60","19.80"," 0.00","71"
"1474","弘裕","319,000","2,983,990","9.40","9.42","9.31","9.35","-0.04","111"
"1475","本盟","13,000","180,100","14.15","14.15","13.80","13.80","-0.35","5"
"1476","儒鴻","1,003,000","279,109,000","279.00","280.50","275.00","279.50","+1.00","875"
"1477","聚陽","3,008,000","379,811,500","127.00","129.00","124.00","126.50","-0.50","2,189"
"1503","士電","208,000","9,393,850","45.15","45.30","44.75","44.85","-0.30","119"
"1504","東元","3,189,000","86,432,250","27.20","27.25","27.00","27.10","+0.10","1,901"
"1506","正道","599,000","7,829,200","13.55","13.55","12.90","13.15","-0.15","201"
"1507","永大","153,000","8,699,900","57.20","57.40","56.70","56.70","-1.00","140"
"1512","瑞利","778,000","4,380,140","5.63","5.63","5.63","5.63","+0.51","107"
"1513","中興電","3,560,000","98,452,400","27.85","27.95","27.45","27.60","-0.10","1,030"
"1514","亞力","838,000","17,173,550","20.60","20.65","20.40","20.50"," 0.00","363"
"1515","力山","2,031,000","144,243,300","70.80","71.70","70.40","70.80","+0.40","1,274"
"1516","川飛","22,000","300,700","13.75","13.75","13.60","13.75"," 0.00","12"
"1517","利奇","151,000","1,193,530","7.91","7.93","7.86","7.92","+0.01","59"
"1519","華城","497,000","13,027,000","26.10","26.45","25.95","26.30","+0.30","297"
"1521","大億","40,000","2,303,100","57.80","58.00","57.20","57.60","-0.20","30"
"1522","堤維西","340,000","7,931,900","23.25","23.50","23.25","23.40","+0.15","198"
"1524","耿鼎","275,000","2,438,390","8.74","8.96","8.70","8.90","+0.16","121"
"1525","江申","422,000","20,425,200","46.35","48.60","46.35","48.60","+4.40","239"
"1526","日馳","6,701,000","158,897,900","22.55","24.00","22.55","24.00","+2.15","3,031"
"1527","鑽全","960,000","39,183,550","39.90","41.50","39.85","40.85","+1.00","540"
"1528","恩德","86,000","645,590","7.54","7.55","7.46","7.50","-0.03","48"
"1529","樂士","51,000","714,400","14.50","14.50","13.70","14.15","+0.05","31"
"1530","亞崴","25,000","795,000","32.05","32.30","31.60","31.90","-0.20","14"
"1531","高林股","90,000","1,160,250","12.95","13.00","12.70","12.95"," 0.00","47"
"1532","勤美","488,000","13,800,050","28.05","28.95","28.00","28.25","+0.20","249"
"1533","車王電","61,000","1,606,800","26.35","26.55","26.25","26.30","+0.05","48"
"1535","中宇","62,000","2,021,450","33.00","33.00","32.45","32.55","-0.65","28"
"1536","和大","3,657,000","355,471,600","95.40","98.90","94.10","98.50","+3.00","2,749"
"1537","廣隆","47,000","6,700,000","142.50","143.00","142.00","143.00","+1.00","36"
"1538","正峰新","22,000","59,810","2.71","2.73","2.71","2.72","-0.13","11"
"1539","巨庭","57,000","982,250","17.35","17.35","17.15","17.25","-0.10","42"
"1540","喬福","113,000","1,793,400","16.00","16.00","15.80","15.85","+0.05","69"
"1541","錩泰","358,000","14,600,100","40.15","41.75","39.90","40.50","+0.60","219"
"1558","伸興","29,000","3,810,500","131.00","132.00","131.00","131.50","-0.50","29"
"1560","中砂","237,000","14,219,800","59.90","60.50","59.90","60.00","-0.40","185"
"1568","倉佑","85,000","1,256,950","14.85","15.00","14.60","14.80","+0.10","52"
"1582","信錦","300,000","24,461,300","81.60","82.50","81.00","81.70","+0.10","194"
"1583","程泰","9,000","538,900","60.00","60.50","59.60","59.60"," 0.00","9"
"1587","吉茂","2,000","25,850","12.75","13.10","12.75","13.10","+0.05","2"
"1589","永冠-KY","271,000","16,356,800","61.20","61.40","59.60","59.70","-1.30","205"
"1590","亞德客-KY","1,014,000","556,731,000","551.00","559.00","543.00","547.00","+6.00","878"
"1592","英瑞-KY","1,200,000","13,388,950","11.10","11.30","11.00","11.20"," 0.00","396"
"1598","岱宇","2,799,000","115,646,150","40.00","42.45","39.85","42.45","+2.70","1,689"
"1603","華電","14,000","368,650","26.65","26.65","26.20","26.30","-0.30","13"
"1604","聲寶","590,000","11,573,650","19.60","19.70","19.55","19.65","-0.10","179"
"1605","華新","5,316,000","67,315,400","12.65","12.75","12.55","12.60"," 0.00","1,415"
"1608","華榮","411,000","3,779,370","9.15","9.25","9.15","9.19","+0.03","135"
"1609","大亞","2,259,000","24,099,450","10.90","10.90","10.55","10.60","-0.15","696"
"1611","中電","417,000","5,516,650","13.20","13.30","13.15","13.25","+0.05","197"
"1612","宏泰","144,000","1,446,750","10.10","10.10","10.00","10.00","-0.10","40"
"1614","三洋電","73,000","2,249,950","31.05","31.05","30.70","30.85","-0.05","42"
"1615","大山","208,000","4,557,350","22.00","22.15","21.80","21.80","-0.10","99"
"1616","億泰","194,000","785,130","4.18","4.18","3.92","4.12","-0.10","61"
"1617","榮星","49,000","545,800","11.10","11.20","11.05","11.20","+0.05","31"
"1618","合機","47,000","365,320","7.85","7.85","7.70","7.75","+0.04","30"
"1626","艾美特-KY","134,000","3,464,800","25.30","26.10","25.30","26.00","+0.40","89"
"1701","中化","1,803,000","39,250,450","21.90","22.00","21.60","21.75","-0.05","882"
"1702","南僑","232,000","10,215,600","44.25","44.40","43.90","43.95","-0.30","191"
"1707","葡萄王","455,000","87,673,000","194.00","194.50","191.50","191.50","-1.00","399"
"1708","東鹼","319,000","7,627,300","23.90","24.20","23.80","24.15","+0.25","123"
"1709","和益","533,000","6,955,300","13.20","13.20","12.95","13.00","-0.10","197"
"1710","東聯","903,000","15,191,000","16.90","17.00","16.70","16.80","-0.05","383"
"1711","永光","637,000","9,469,700","14.95","15.05","14.75","14.80"," 0.00","375"
"1712","興農","587,000","10,642,900","18.20","18.20","18.10","18.15"," 0.00","257"
"1713","國化","37,000","659,750","17.90","17.95","17.75","17.75","-0.20","22"
"1714","和桐","1,603,000","11,766,520","7.33","7.41","7.29","7.29","-0.04","466"
"1717","長興","4,416,000","135,742,550","31.40","31.50","30.25","30.70","-0.65","2,496"
"1718","中纖","3,264,000","20,866,890","6.40","6.48","6.31","6.40","+0.04","1,075"
"1720","生達","1,234,000","49,241,850","40.30","40.35","39.65","39.85","-0.15","759"
"1721","三晃","290,000","2,880,460","9.88","10.00","9.88","9.92","+0.01","66"
"1722","台肥","1,825,000","89,394,400","49.10","49.20","48.80","48.85","-0.15","1,151"
"1723","中碳","255,000","26,136,500","102.00","103.50","101.50","102.00"," 0.00","197"
"1724","台硝","9,000","109,850","12.25","12.25","12.15","12.25","-0.05","9"
"1725","元禎","12,000","173,000","14.30","14.50","14.30","14.40","-0.10","11"
"1726","永記","39,000","2,679,800","69.90","69.90","67.30","68.80","-0.50","35"
"1727","中華化","138,000","1,250,660","9.10","9.26","9.00","9.00","-0.10","58"
"1730","花仙子","178,000","12,600,100","71.50","71.50","70.20","70.70","-0.70","138"
"1731","美吾華","1,043,000","14,492,050","13.80","14.10","13.60","13.90","+0.15","551"
"1732","毛寶","1,271,000","39,696,750","31.30","31.50","30.75","31.05","+0.30","850"
"1733","五鼎","1,411,000","35,244,650","25.60","25.60","24.65","24.70","-1.00","797"
"1734","杏輝","456,000","9,457,150","20.95","20.95","20.55","20.65","-0.15","219"
"1735","日勝化","2,000","33,550","16.85","16.85","16.70","16.70"," 0.00","2"
"1736","喬山","2,969,000","194,073,100","64.90","66.30","64.00","66.20","+2.40","2,045"
"1737","臺鹽","255,000","7,915,400","30.95","31.15","30.90","31.00","+0.05","131"
"1760","寶齡富錦","36,530,000","5,464,947,500","143.50","154.00","140.00","154.00","+14.00","20,266"
"1762","中化生","14,656,000","919,968,900","63.80","64.70","60.60","61.90","-1.20","8,698"
"1773","勝一","197,000","19,017,100","96.40","97.30","96.00","96.90","-0.10","179"
"1776","展宇","12,000","204,050","17.05","17.05","16.95","17.00","-0.15","10"
"1783","和康生","684,000","18,711,000","27.85","27.85","27.15","27.30","-0.55","428"
"1786","科妍","106,000","6,617,000","62.50","62.80","62.10","62.30","-0.10","83"
"1789","神隆","3,597,000","114,974,050","32.45","32.50","31.60","31.75","-0.30","2,309"
"1795","美時","1,761,000","137,191,700","77.80","78.80","77.00","78.00","+0.70","1,341"
"1802","台玻","1,112,000","9,818,860","8.96","8.97","8.74","8.78","-0.13","399"
"1805","寶徠","15,000","122,060","8.11","8.27","8.11","8.17","-0.15","10"
"1806","冠軍","320,000","1,574,840","4.93","4.96","4.88","4.94"," 0.00","96"
"1808","潤隆","126,000","7,392,600","58.80","58.90","58.50","58.60","-0.20","93"
"1809","中釉","486,000","4,480,350","9.21","9.27","9.13","9.20","+0.01","154"
"1810","和成","116,000","844,060","7.30","7.31","7.24","7.28","+0.01","41"
"1817","凱撒衛","204,000","6,170,700","30.40","30.50","29.80","30.35","-0.05","72"
"1902","台紙","1,064,000","21,975,200","20.65","20.70","20.65","20.70","+0.05","457"
"1903","士紙","535,000","23,880,950","44.20","45.45","43.10","43.70","-0.30","312"
"1904","正隆","8,521,000","203,248,500","23.80","24.15","23.55","23.55","-0.05","3,802"
"1905","華紙","916,000","7,091,610","7.75","7.77","7.70","7.75"," 0.00","270"
"1906","寶隆","97,000","1,181,200","12.20","12.30","12.05","12.05","-0.15","55"
"1907","永豐餘","1,772,000","23,534,200","13.35","13.35","13.20","13.25","-0.10","559"
"1909","榮成","5,040,000","63,757,950","12.90","12.95","12.40","12.55","-0.25","1,686"
"2002","中鋼","13,437,000","266,770,700","19.85","19.90","19.80","19.90","+0.10","4,781"
"2002A","中鋼特","6,000","320,300","53.40","53.40","53.30","53.40"," 0.00","6"
"2006","東和鋼鐵","1,569,000","36,949,700","23.50","23.65","23.45","23.55","+0.05","558"
"2007","燁興","190,000","741,130","3.84","3.94","3.84","3.86","+0.01","56"
"2008","高興昌","13,000","160,100","12.35","12.35","12.30","12.30","-0.10","10"
"2009","第一銅","140,000","1,025,330","7.36","7.37","7.29","7.35"," 0.00","63"
"2010","春源","241,000","2,250,760","9.35","9.36","9.31","9.32","-0.03","76"
"2012","春雨","43,000","756,250","17.65","17.65","17.55","17.55","-0.05","30"
"2013","中鋼構","758,000","18,487,400","24.50","24.60","24.15","24.15","-0.25","357"
"2014","中鴻","1,198,000","8,760,750","7.38","7.38","7.27","7.29","+0.03","370"
"2015","豐興","208,000","10,846,400","52.20","52.40","52.00","52.00","-0.20","113"
"2017","官田鋼","264,000","1,787,020","6.77","6.80","6.71","6.72","-0.01","73"
"2020","美亞","768,000","13,598,450","17.65","17.80","17.65","17.80","+0.15","262"
"2022","聚亨","794,000","3,415,500","4.28","4.35","4.27","4.30","+0.03","207"
"2023","燁輝","1,025,000","8,614,820","8.37","8.45","8.37","8.40","+0.01","242"
"2024","志聯","98,000","1,224,850","12.50","12.50","12.45","12.50"," 0.00","18"
"2025","千興","92,000","156,810","1.80","1.80","1.67","1.68","-0.08","13"
"2027","大成鋼","5,997,000","159,159,850","25.80","27.00","25.75","26.85","+1.05","2,871"
"2028","威致","14,000","131,480","9.40","9.40","9.36","9.36","-0.04","7"
"2029","盛餘","33,000","528,700","15.95","16.25","15.95","16.25","+0.25","25"
"2030","彰源","120,000","1,223,000","10.25","10.25","10.15","10.20"," 0.00","59"
"2031","新光鋼","307,000","7,339,200","24.25","24.25","23.75","23.75","-0.25","200"
"2032","新鋼","61,000","508,210","8.32","8.36","8.29","8.36","+0.07","22"
"2033","佳大","80,000","753,030","9.49","9.50","9.26","9.49","+0.02","31"
"2034","允強","329,000","7,792,250","23.70","23.90","23.60","23.60","-0.10","173"
"2038","海光","486,000","3,275,410","6.85","6.95","6.65","6.74","-0.15","225"
"2049","上銀","1,075,000","308,991,500","291.00","291.00","284.00","285.00","-4.00","913"
"2059","川湖","828,000","268,909,500","316.00","331.50","316.00","323.50","+10.50","694"
"2062","橋椿","163,000","3,104,700","19.45","19.45","18.85","19.00","-0.25","116"
"2069","運錩","45,000","712,950","15.95","16.05","15.70","15.85","-0.45","32"
"2101","南港","1,835,000","71,718,600","38.85","39.70","38.35","39.70","+0.95","968"
"2102","泰豐","3,616,000","57,790,550","15.85","16.20","15.70","15.90","+0.10","1,113"
"2103","台橡","2,810,000","46,889,900","16.90","17.00","16.50","16.60","-0.15","1,192"
"2104","國際中橡","3,325,000","66,439,300","20.20","20.20","19.85","19.90","-0.20","1,181"
"2105","正新","4,349,000","145,225,300","33.45","33.80","32.80","33.70","+0.40","2,091"
"2106","建大","2,357,000","71,028,850","30.30","30.50","29.90","30.30"," 0.00","951"
"2107","厚生","374,000","6,774,050","18.25","18.30","18.00","18.10","-0.15","185"
"2108","南帝","2,911,000","102,674,950","35.90","36.10","35.00","35.15","-0.55","1,668"
"2109","華豐","647,000","8,518,000","12.90","13.40","12.90","13.20","+0.20","226"
"2114","鑫永銓","61,000","4,941,800","80.80","81.30","80.70","80.70","+0.10","41"
"2115","六暉-KY","12,000","487,250","40.95","41.00","40.35","40.35","-0.35","12"
"2201","裕隆","36,978,000","738,794,650","20.20","20.60","19.25","20.35","+0.65","12,131"
"2204","中華","2,130,000","77,902,450","36.50","37.25","36.15","36.45","-0.15","1,195"
"2206","三陽工業","402,000","8,043,700","20.05","20.10","19.95","20.05"," 0.00","176"
"2207","和泰車","935,000","513,222,000","545.00","555.00","536.00","551.00","+13.00","801"
"2208","台船","3,546,000","87,869,200","25.20","25.40","24.20","24.25","-0.25","1,816"
"2227","裕日車","59,000","15,385,500","262.50","262.50","259.00","261.00","-0.50","53"
"2228","劍麟","282,000","24,761,600","88.00","88.30","87.20","87.90","+0.70","243"
"2231","為升","1,621,000","256,568,000","161.00","163.50","155.50","156.50","-3.50","1,263"
"2233","宇隆","240,000","14,707,100","61.50","61.60","61.00","61.20","-0.30","170"
"2236","百達-KY","16,000","247,350","15.45","15.50","15.35","15.45","+0.20","12"
"2239","英利-KY","47,000","2,770,000","59.40","59.40","58.70","59.00","-0.40","43"
"2243","宏旭-KY","82,000","841,710","10.10","10.60","9.92","9.92","-0.18","52"
"2301","光寶科","4,466,000","209,660,300","47.20","47.20","46.80","46.80"," 0.00","2,674"
"2302","麗正","141,000","990,750","7.08","7.10","7.00","7.02","-0.05","56"
"2303","聯電","59,164,000","885,017,350","15.15","15.15","14.85","14.85","-0.10","17,785"
"2305","全友","184,000","962,790","5.21","5.29","5.20","5.21"," 0.00","83"
"2308","台達電","4,226,000","595,236,000","142.00","142.00","139.00","141.00"," 0.00","1,896"
"2312","金寶","14,132,000","166,770,600","12.00","12.00","11.60","12.00"," 0.00","3,472"
"2313","華通","25,129,000","981,862,350","39.00","39.80","38.50","39.15","-0.15","11,489"
"2314","台揚","734,000","15,443,950","21.30","21.35","20.80","21.00","-0.20","406"
"2316","楠梓電","2,438,000","72,841,800","29.85","30.35","29.55","29.80","-0.10","988"
"2317","鴻海","30,655,000","2,292,004,500","74.90","75.30","74.50","74.50","-0.30","13,156"
"2321","東訊","225,000","337,230","1.41","1.50","1.41","1.50","+0.13","40"
"2323","中環","15,358,000","117,248,900","7.60","7.79","7.52","7.60","+0.08","3,995"
"2324","仁寶","8,264,000","152,970,300","18.60","18.60","18.45","18.50"," 0.00","2,494"
"2327","國巨","32,979,000","12,755,057,500","381.00","395.00","379.00","384.50","+11.50","23,801"
"2328","廣宇","1,064,000","19,333,000","18.05","18.35","18.05","18.05"," 0.00","519"
"2329","華泰","2,155,000","24,432,150","11.30","11.50","11.20","11.20","-0.10","564"
"2330","台積電","32,360,000","9,474,459,000","293.00","294.00","291.00","294.00","+2.50","15,254"
"2331","精英","492,000","5,708,800","11.70","11.70","11.55","11.55","-0.15","263"
"2332","友訊","4,049,000","50,972,700","12.55","12.75","12.45","12.55"," 0.00","1,245"
"2337","旺宏","26,979,000","890,949,450","33.00","33.35","32.80","32.85","+0.05","10,313"
"2338","光罩","4,842,000","127,295,650","26.05","26.65","25.85","26.50","+0.90","2,546"
"2340","光磊","3,377,000","70,695,300","20.70","21.10","20.60","21.00","+0.30","1,130"
"2342","茂矽","16,305,000","472,559,800","28.70","29.95","27.80","27.80","-1.10","7,898"
"2344","華邦電","22,569,000","297,260,200","13.05","13.35","13.00","13.10","+0.20","5,613"
"2345","智邦","4,173,000","889,416,500","213.00","215.50","210.50","215.00","+3.00","2,986"
"2347","聯強","8,601,000","378,022,400","43.50","44.20","43.35","44.10","+0.95","4,310"
"2348","海悅","284,000","17,100,000","60.60","60.60","60.00","60.10","-0.30","167"
"2349","錸德","27,535,000","159,421,050","5.80","6.28","5.39","5.95","+0.16","6,665"
"2351","順德","362,000","16,283,100","44.65","45.25","44.35","45.20","+0.55","228"
"2352","佳世達","7,092,000","118,503,700","16.55","16.85","16.50","16.80","+0.35","2,460"
"2353","宏碁","7,339,000","119,559,150","16.40","16.45","16.15","16.30","-0.05","2,409"
"2354","鴻準","1,837,000","100,513,100","54.50","55.00","54.50","54.70","+0.20","1,146"
"2355","敬鵬","6,140,000","151,228,100","24.10","25.25","24.05","24.25","+0.35","3,105"
"2356","英業達","8,783,000","210,249,050","23.80","24.10","23.80","23.95","+0.20","3,083"
"2357","華碩","3,188,000","663,356,000","211.50","213.00","205.50","205.50","-5.00","2,265"
"2358","廷鑫","130,000","1,762,300","13.75","13.75","13.50","13.60","-0.15","64"
"2359","所羅門","189,000","3,476,400","18.35","18.50","18.30","18.40","+0.05","101"
"2360","致茂","1,168,000","156,505,000","132.50","135.50","132.50","134.50","+3.50","923"
"2362","藍天","380,000","11,341,350","29.90","30.15","29.55","29.55","-0.40","194"
"2363","矽統","17,412,000","210,288,400","11.90","12.25","11.80","12.00","+0.10","4,486"
"2364","倫飛","53,000","111,300","2.10","2.10","2.10","2.10"," 0.00","5"
"2365","昆盈","254,000","1,999,490","7.81","7.92","7.81","7.92","+0.12","108"
"2367","燿華","31,123,000","705,370,800","21.70","23.50","21.70","23.30","+1.50","11,239"
"2368","金像電","30,582,000","1,011,462,650","33.50","33.75","32.50","32.70","-0.80","11,355"
"2369","菱生","914,000","8,622,860","9.40","9.50","9.37","9.45","+0.09","383"
"2371","大同","4,359,000","89,316,500","20.50","20.65","20.35","20.60","+0.25","1,520"
"2373","震旦行","68,000","5,987,000","88.60","89.00","86.40","88.00","-0.60","59"
"2374","佳能","159,000","1,878,850","11.80","11.90","11.75","11.85","+0.05","67"
"2375","凱美","2,669,000","99,678,750","37.15","37.95","36.95","37.10","+0.35","1,779"
"2376","技嘉","9,516,000","595,993,700","63.10","63.70","62.00","62.60"," 0.00","5,394"
"2377","微星","7,166,000","765,759,500","108.00","108.50","105.00","106.50","+0.50","4,637"
"2379","瑞昱","5,801,000","1,488,928,000","258.50","261.50","252.00","255.50","-0.50","4,188"
"2380","虹光","111,000","389,480","3.55","3.61","3.46","3.57","-0.01","50"
"2382","廣達","10,254,000","702,688,300","69.00","69.20","67.70","68.30"," 0.00","6,026"
"2383","台光電","2,790,000","376,779,500","135.50","136.50","133.50","135.50","+0.50","1,905"
"2385","群光","1,987,000","161,911,400","81.70","81.90","81.00","81.10","+0.10","1,252"
"2387","精元","1,841,000","54,021,950","29.20","29.95","28.95","29.10","+0.15","1,215"
"2388","威盛","880,000","25,544,200","28.90","29.50","28.40","28.95","+0.05","458"
"2390","云辰","7,153,000","70,395,230","9.78","10.45","9.44","10.05","+0.15","2,522"
"2392","正崴","1,584,000","57,482,750","36.25","36.60","36.05","36.10","-0.15","878"
"2393","億光","2,360,000","76,721,550","32.00","33.00","31.70","32.45","+0.75","1,481"
"2395","研華","488,000","139,576,000","288.00","290.00","284.00","285.00","-3.00","436"
"2397","友通","46,000","3,468,600","75.10","75.70","75.10","75.40","-0.50","37"
"2399","映泰","404,000","4,021,270","9.90","10.05","9.87","9.95","+0.06","179"
"2401","凌陽","10,442,000","115,126,150","11.25","11.35","10.60","10.95","-0.20","3,582"
"2402","毅嘉","449,000","5,713,600","12.75","12.85","12.60","12.70","-0.05","209"
"2404","漢唐","781,000","149,820,500","192.00","194.00","191.00","191.50","-0.50","654"
"2405","浩鑫","1,086,000","10,808,790","9.92","10.05","9.88","9.89","-0.06","314"
"2406","國碩","1,749,000","16,709,440","9.55","9.70","9.41","9.56","+0.12","483"
"2408","南亞科","9,991,000","601,642,000","60.00","61.00","59.60","59.90","+0.70","5,688"
"2409","友達","62,766,000","485,850,320","7.72","7.88","7.63","7.63","-0.03","12,118"
"2412","中華電","5,473,000","609,201,500","111.00","111.50","111.00","111.50","+0.50","2,649"
"2413","環科","206,000","2,489,750","12.00","12.30","11.95","12.10","-0.05","69"
"2414","精技","115,000","2,751,300","23.95","24.00","23.85","23.90","-0.05","81"
"2415","錩新","294,000","4,669,250","16.10","16.10","15.80","15.85","-0.25","145"
"2417","圓剛","1,987,000","26,725,000","13.45","13.65","13.25","13.50","+0.15","726"
"2419","仲琦","222,000","4,467,650","20.15","20.25","20.05","20.10","-0.05","133"
"2420","新巨","210,000","7,071,900","33.75","33.80","33.60","33.70","+0.15","135"
"2421","建準","7,254,000","375,882,200","53.30","53.30","50.70","52.40","-0.60","4,651"
"2423","固緯","92,000","2,180,100","23.85","23.85","23.60","23.75","+0.10","72"
"2424","隴華","0","0","0.00","0.00","0.00","0.00"," 0.00","0"
"2425","承啟","86,000","2,082,600","24.30","24.35","24.10","24.20","-0.10","56"
"2426","鼎元","10,189,000","143,324,800","13.75","14.30","13.75","14.20","+0.55","2,624"
"2427","三商電","102,000","1,018,120","9.97","10.05","9.94","9.94","-0.11","52"
"2428","興勤","353,000","30,748,500","86.50","87.70","86.10","87.60","+1.40","279"
"2429","銘旺科","97,000","1,845,900","19.05","19.30","18.85","19.00","-0.45","59"
"2430","燦坤","372,000","6,327,200","16.90","17.10","16.90","16.95","+0.10","121"
"2431","聯昌","303,000","2,478,560","8.20","8.24","8.11","8.14","-0.05","107"
"2433","互盛電","103,000","5,328,800","51.80","51.80","51.60","51.80","-0.10","79"
"2434","統懋","3,000","19,850","6.80","6.80","6.25","6.25","-0.15","2"
"2436","偉詮電","2,905,000","76,168,800","25.45","26.75","25.45","26.55","+1.25","1,519"
"2438","翔耀","43,000","244,680","5.68","5.73","5.59","5.59","-0.10","13"
"2439","美律","1,430,000","184,181,500","129.50","130.50","128.00","128.50","-1.00","1,169"
"2440","太空梭","19,000","171,080","9.43","9.43","8.75","8.75","-0.15","10"
"2441","超豐","590,000","26,809,400","45.15","45.65","45.15","45.60","+0.55","457"
"2442","新美齊","627,000","4,890,980","7.89","7.94","7.70","7.70","-0.15","259"
"2443","億麗","256,000","743,940","2.96","2.96","2.85","2.89","-0.07","103"
"2444","兆勁","2,274,000","37,795,900","16.60","16.80","16.25","16.55"," 0.00","382"
"2448","晶電","51,200,000","1,909,380,400","36.45","37.85","36.20","37.80","+1.75","23,268"
"2449","京元電子","39,731,000","1,211,940,250","30.80","30.95","30.30","30.30","-0.75","19,251"
"2450","神腦","163,000","4,575,250","28.00","28.20","27.95","28.15","+0.20","118"
"2451","創見","643,000","44,792,600","69.50","69.90","69.40","69.80","+0.30","500"
"2453","凌群","359,000","5,833,700","16.25","16.40","16.15","16.30","+0.10","194"
"2454","聯發科","18,323,000","8,601,532,000","467.00","479.00","464.00","470.00","+8.00","11,924"
"2455","全新","3,713,000","316,361,400","88.00","88.00","83.70","84.50","-3.80","2,793"
"2456","奇力新","8,496,000","853,368,500","100.00","102.00","99.10","99.30","+1.00","5,922"
"2457","飛宏","1,175,000","8,246,120","6.90","7.13","6.85","7.04","+0.16","439"
"2458","義隆","2,896,000","270,262,200","93.00","94.00","92.30","93.60","+0.70","2,065"
"2459","敦吉","73,000","2,942,700","40.40","40.45","40.15","40.45","+0.05","51"
"2460","建通","37,000","296,370","8.07","8.07","7.97","7.97","-0.06","18"
"2461","光群雷","518,000","7,537,900","14.65","14.65","14.40","14.65","+0.15","250"
"2462","良得電","51,000","1,353,200","26.60","26.60","26.35","26.35","-0.35","27"
"2464","盟立","446,000","16,550,750","37.10","37.30","37.00","37.00","-0.10","287"
"2465","麗臺","108,000","999,730","9.38","9.40","9.19","9.21","-0.04","62"
"2466","冠西電","60,000","1,794,400","30.00","30.00","29.60","29.80","-0.25","38"
"2467","志聖","535,000","15,081,150","28.30","28.40","28.10","28.25"," 0.00","340"
"2468","華經","47,000","589,850","12.60","12.60","12.50","12.55","-0.05","28"
"2471","資通","1,917,000","41,165,450","21.30","21.80","21.05","21.60","+0.35","525"
"2472","立隆電","1,150,000","48,114,350","41.85","42.40","41.35","41.75","+0.05","779"
"2474","可成","8,398,000","1,825,841,500","221.50","221.50","215.50","217.50","-6.50","6,430"
"2476","鉅祥","132,000","2,645,750","19.95","20.10","19.95","20.00","+0.05","71"
"2477","美隆電","86,000","1,872,550","22.20","22.20","21.45","21.45","+0.15","81"
"2478","大毅","10,777,000","854,931,600","79.00","81.00","78.10","78.10","+0.20","6,928"
"2480","敦陽科","836,000","53,801,600","63.90","65.00","63.80","64.80","+1.30","594"
"2481","強茂","4,378,000","105,077,400","23.75","24.30","23.65","24.05","+0.25","2,053"
"2482","連宇","133,000","1,443,950","10.80","10.95","10.80","10.95","+0.15","52"
"2483","百容","74,000","1,447,400","19.55","19.60","19.55","19.55"," 0.00","40"
"2484","希華","1,619,000","34,396,600","21.20","21.45","21.05","21.05"," 0.00","634"
"2485","兆赫","1,943,000","31,199,350","15.85","16.45","15.50","16.25","+0.40","699"
"2486","一詮","204,000","1,505,190","7.42","7.45","7.29","7.45","+0.05","100"
"2488","漢平","89,000","2,512,250","28.15","28.35","28.15","28.20","+0.05","52"
"2489","瑞軒","3,367,000","24,975,370","7.16","7.59","7.16","7.36","+0.20","1,331"
"2491","吉祥全","42,000","321,000","7.57","7.70","7.57","7.63","+0.07","29"
"2492","華新科","13,739,000","2,629,866,000","191.50","194.50","189.00","189.00","-1.50","9,220"
"2493","揚博","1,496,000","50,378,250","33.50","34.00","33.40","33.60","+0.20","906"
"2495","普安","797,000","9,219,800","11.45","11.70","11.45","11.70","+0.20","159"
"2496","卓越","127,000","8,682,800","68.00","69.40","67.00","69.00","+1.50","86"
"2497","怡利電","48,000","769,850","16.10","16.25","15.95","16.00","+0.05","30"
"2498","宏達電","5,497,000","159,218,300","28.85","29.35","28.65","28.70","+0.05","2,693"
"2501","國建","520,000","9,798,600","18.80","19.00","18.70","18.75","-0.05","326"
"2504","國產","4,480,000","63,641,650","14.25","14.30","14.10","14.20","-0.05","1,302"
"2505","國揚","5,153,000","108,564,750","21.25","21.40","20.70","21.10","-0.35","2,097"
"2506","太設","76,000","688,580","9.05","9.10","9.02","9.02","-0.03","39"
"2509","全坤建","67,000","1,335,200","19.90","20.05","19.85","19.95","-0.10","46"
"2511","太子","664,000","6,481,020","9.76","9.83","9.72","9.74","-0.01","232"
"2514","龍邦","99,000","1,432,150","14.50","14.55","14.40","14.45","-0.10","77"
"2515","中工","1,977,000","13,668,180","6.94","6.95","6.87","6.89","-0.05","639"
"2516","新建","148,000","700,240","4.78","4.79","4.68","4.70","-0.06","63"
"2520","冠德","1,392,000","35,904,950","26.10","26.20","25.50","25.65","-0.55","632"
"2524","京城","464,000","14,297,100","31.00","31.00","30.60","30.70","-0.35","132"
"2527","宏璟","178,000","3,471,900","19.60","19.65","19.45","19.55","+0.05","68"
"2528","皇普","58,000","1,159,950","20.05","20.05","19.90","20.05","-0.05","25"
"2530","華建","173,000","2,905,100","16.90","16.90","16.60","16.60","-0.20","70"
"2534","宏盛","660,000","11,259,200","17.15","17.30","16.95","17.00","-0.15","337"
"2535","達欣工","427,000","9,265,150","21.70","21.90","21.60","21.65","-0.05","249"
"2536","宏普","929,000","22,179,200","23.80","24.00","23.55","23.85","-0.15","410"
"2537","聯上發","1,096,000","10,980,670","10.05","10.10","9.96","10.05"," 0.00","312"
"2538","基泰","188,000","1,843,860","9.80","9.85","9.77","9.80"," 0.00","74"
"2539","櫻花建","387,000","13,317,200","34.40","34.55","34.10","34.40"," 0.00","158"
"2540","愛山林","79,000","2,269,650","30.70","30.70","27.95","28.00","-2.90","59"
"2542","興富發","2,412,000","106,084,300","44.00","44.20","43.80","43.80","-0.20","1,408"
"2543","皇昌","21,000","137,800","6.65","6.65","6.47","6.47","-0.06","17"
"2545","皇翔","185,000","6,045,050","32.60","33.00","32.40","32.95","+0.35","109"
"2546","根基","105,000","3,988,850","38.05","38.15","37.80","38.00","-0.05","44"
"2547","日勝生","564,000","5,618,950","9.98","10.00","9.92","9.98"," 0.00","188"
"2548","華固","478,000","43,270,900","90.50","90.80","90.30","90.50"," 0.00","348"
"2597","潤弘","69,000","4,244,400","61.90","61.90","60.50","60.90","-0.90","45"
"2601","益航","2,069,000","19,516,660","9.50","9.52","9.38","9.40","-0.11","698"
"2603","長榮","16,821,000","181,183,350","10.80","10.85","10.70","10.75","+0.05","5,304"
"2605","新興","1,071,000","15,043,250","14.10","14.15","13.95","13.95","-0.05","344"
"2606","裕民","1,249,000","35,184,700","28.35","28.40","27.95","28.30","+0.05","535"
"2607","榮運","812,000","10,473,200","12.95","13.00","12.85","12.90","-0.05","213"
"2608","嘉里大榮","455,000","18,896,100","41.45","42.00","41.00","41.80","+0.35","348"
"2609","陽明","1,426,000","9,174,510","6.49","6.49","6.39","6.40","-0.05","362"
"2610","華航","37,465,000","317,940,330","8.60","8.65","8.33","8.33","-0.01","9,645"
"2611","志信","163,000","976,510","6.07","6.07","5.94","6.02","-0.05","57"
"2612","中航","113,000","2,661,750","23.50","23.70","23.45","23.45"," 0.00","60"
"2613","中櫃","112,000","1,506,800","13.45","13.50","13.30","13.40","+0.05","33"
"2614","東森","8,638,000","137,438,300","15.90","16.15","15.70","15.70","-0.05","3,078"
"2615","萬海","1,097,000","17,663,950","16.00","16.20","16.00","16.05","+0.05","400"
"2616","山隆","379,000","11,431,900","30.20","30.25","30.10","30.15","+0.05","86"
"2617","台航","274,000","4,294,050","15.70","15.75","15.60","15.70","+0.05","133"
"2618","長榮航","31,395,000","351,971,500","11.25","11.35","11.05","11.05","-0.05","8,387"
"2630","亞航","28,000","463,350","16.40","16.90","16.35","16.60"," 0.00","22"
"2633","台灣高鐵","12,538,000","439,609,200","34.75","35.35","34.70","35.10","+0.55","5,304"
"2634","漢翔","1,865,000","52,578,300","28.45","28.45","28.00","28.05","-0.35","1,007"
"2636","台驊投控","434,000","10,143,350","23.35","23.50","23.25","23.50","+0.25","200"
"2637","慧洋-KY","1,430,000","33,727,350","23.50","23.80","23.45","23.70","+0.20","539"
"2642","宅配通","2,850,000","109,577,600","39.25","39.60","37.70","38.05","-0.95","1,909"
"2701","萬企","81,000","943,750","11.70","11.70","11.60","11.65","-0.05","34"
"2702","華園","228,000","3,553,750","15.55","15.85","15.40","15.70","+0.15","131"
"2704","國賓","128,000","3,373,700","26.40","26.55","26.10","26.40"," 0.00","92"
"2705","六福","761,000","10,463,050","13.55","14.15","13.25","14.00","+0.35","270"
"2706","第一店","198,000","2,562,900","13.05","13.10","12.85","12.95","-0.10","77"
"2707","晶華","268,000","37,327,500","140.00","140.00","138.00","138.50","-1.50","183"
"2712","遠雄來","4,000","145,800","36.55","36.55","36.20","36.55","+0.35","4"
"2722","夏都","10,000","234,450","23.65","23.65","23.25","23.25","-0.60","9"
"2723","美食-KY","2,158,000","220,245,900","102.50","106.00","99.10","102.00","+2.30","1,704"
"2727","王品","213,000","14,466,200","68.50","68.80","67.50","67.70","-0.50","183"
"2731","雄獅","255,000","17,889,100","71.10","71.30","69.50","69.80","-0.60","186"
"2739","寒舍","13,000","299,150","23.10","23.10","22.90","23.05","-0.05","13"
"2748","雲品","36,000","1,572,650","43.80","43.95","43.60","43.60"," 0.00","30"
"2801","彰銀","4,652,000","87,965,200","18.95","19.00","18.85","18.85"," 0.00","1,843"
"2809","京城銀","1,192,000","39,349,650","33.00","33.15","32.90","32.90","-0.05","732"
"2812","台中銀","4,475,000","51,215,350","11.40","11.50","11.40","11.45"," 0.00","1,008"
"2816","旺旺保","83,000","1,606,500","19.30","19.40","19.30","19.30","+0.05","55"
"2820","華票","996,000","14,585,600","14.65","14.70","14.60","14.65"," 0.00","205"
"2823","中壽","9,314,000","186,004,000","19.95","20.10","19.90","19.95","+0.05","2,642"
"2832","台產","236,000","4,710,200","19.95","20.05","19.85","19.90","-0.05","88"
"2834","臺企銀","9,285,000","99,491,000","10.75","10.75","10.70","10.75"," 0.00","3,021"
"2836","高雄銀","533,000","5,067,970","9.51","9.55","9.47","9.51"," 0.00","153"
"2838","聯邦銀","818,000","8,811,800","10.80","10.80","10.70","10.75","-0.05","352"
"2838A","聯邦銀甲特","166,000","8,998,700","54.10","54.30","54.10","54.20","+0.10","120"
"2841","台開","1,204,000","7,839,120","6.51","6.55","6.47","6.52","-0.01","373"
"2845","遠東銀","2,026,000","21,766,200","10.80","10.80","10.70","10.70","-0.05","524"
"2849","安泰銀","169,000","2,407,200","14.25","14.50","14.15","14.25","-0.20","67"
"2850","新產","219,000","7,911,350","36.10","36.25","36.05","36.05","-0.05","126"
"2851","中再保","174,000","3,297,750","19.05","19.05","18.85","18.95","-0.10","92"
"2852","第一保","89,000","1,229,000","14.00","14.00","13.60","14.00"," 0.00","62"
"2855","統一證","1,766,000","23,327,200","13.30","13.35","13.15","13.15","-0.15","516"
"2867","三商壽","2,041,000","19,523,500","9.63","9.63","9.51","9.52","-0.08","548"
"2880","華南金","8,049,000","155,572,700","19.35","19.40","19.25","19.40","+0.10","2,836"
"2881","富邦金","16,133,000","681,466,150","42.10","42.35","42.00","42.25","+0.25","5,138"
"2881A","富邦特","91,000","5,912,000","64.90","65.00","64.90","65.00"," 0.00","87"
"2881B","富邦金乙特","51,000","3,251,200","63.70","63.90","63.60","63.90","+0.10","27"
"2882","國泰金","13,527,000","536,489,700","39.60","39.80","39.50","39.65","+0.20","4,853"
"2882A","國泰特","87,000","5,544,800","63.70","63.80","63.60","63.70"," 0.00","76"
"2882B","國泰金乙特","21,000","1,335,000","63.50","63.60","63.50","63.60","+0.10","12"
"2883","開發金","16,817,000","151,699,740","9.01","9.07","8.99","9.02","+0.02","4,317"
"2884","玉山金","23,138,000","625,144,200","27.10","27.15","26.90","27.00","+0.10","6,435"
"2885","元大金","24,220,000","393,635,600","16.30","16.35","16.20","16.20","-0.05","6,807"
"2886","兆豐金","19,553,000","599,412,350","30.65","30.80","30.55","30.80","+0.25","6,924"
"2887","台新金","15,852,000","199,892,750","12.65","12.65","12.55","12.65"," 0.00","3,447"
"2887E","台新戊特","94,000","5,115,600","54.40","54.50","54.40","54.50","+0.10","34"
"2887F","台新戊特二","27,000","1,414,900","52.40","52.50","52.40","52.50","+0.10","7"
"2888","新光金","29,858,000","244,773,760","8.17","8.24","8.17","8.17"," 0.00","6,562"
"2888A","新光金甲特","31,000","1,369,700","44.15","44.20","44.15","44.20","-0.05","18"
"2889","國票金","4,663,000","53,395,950","11.40","11.50","11.40","11.45","+0.05","1,029"
"2890","永豐金","11,700,000","136,953,200","11.75","11.80","11.65","11.65","-0.05","3,129"
"2891","中信金","27,931,000","553,502,750","19.85","19.90","19.70","19.85"," 0.00","6,798"
"2891B","中信金乙特","24,000","1,579,000","65.80","65.90","65.60","65.90"," 0.00","24"
"2891C","中信金丙特","8,000","501,400","62.60","63.00","62.60","63.00","+0.10","8"
"2892","第一金","11,782,000","259,998,500","22.15","22.15","22.00","22.10"," 0.00","3,708"
"2897","王道銀行","879,000","6,278,640","7.16","7.19","7.10","7.11","-0.04","231"
"2897A","王道銀甲特","13,000","132,300","10.15","10.20","10.15","10.20","+0.05","8"
"2901","欣欣","86,000","1,919,750","22.25","22.35","22.20","22.35","+0.05","21"
"2903","遠百","1,738,000","42,372,450","24.35","24.50","24.20","24.20","-0.10","688"
"2904","匯僑","60,000","1,435,150","23.95","24.00","23.85","23.90","-0.05","38"
"2905","三商","1,225,000","26,631,450","21.70","21.80","21.55","21.75","+0.10","272"
"2906","高林","13,054,000","152,431,700","11.70","11.75","11.05","11.75","+1.05","2,463"
"2908","特力","613,000","11,376,850","18.70","18.75","18.50","18.50","-0.15","321"
"2910","統領","1,000","31,300","31.30","31.30","31.30","31.30","+0.10","1"
"2911","麗嬰房","69,000","409,180","5.93","6.00","5.87","5.96","+0.06","42"
"2912","統一超","832,000","249,028,500","302.00","302.50","298.00","298.00","-2.50","595"
"2913","農林","335,000","4,740,300","14.20","14.25","14.05","14.15","-0.05","203"
"2915","潤泰全","1,707,000","115,449,100","67.80","68.00","67.40","67.40","-0.40","1,109"
"2923","鼎固-KY","201,000","4,804,400","24.70","24.75","23.10","24.30","-0.45","67"
"2929","淘帝-KY","354,000","20,054,400","56.70","57.30","56.20","56.50"," 0.00","282"
"2936","客思達-KY","31,000","456,300","14.90","14.90","14.70","14.90","+0.10","6"
"2939","凱羿-KY","84,000","11,995,500","141.50","144.00","141.50","142.00","+1.00","66"
"3002","歐格","73,000","766,200","10.55","10.60","10.40","10.55"," 0.00","34"
"3003","健和興","949,000","36,837,500","38.45","39.50","37.95","39.00","+0.80","578"
"3004","豐達科","261,000","14,382,300","55.30","55.50","54.70","55.10","+0.40","179"
"3005","神基","1,050,000","46,599,050","44.45","44.65","44.15","44.35","-0.45","736"
"3006","晶豪科","6,787,000","284,744,550","42.60","42.85","41.50","41.65","-1.10","3,908"
"3008","大立光","493,000","1,919,805,000","3,850.00","3,935.00","3,850.00","3,870.00","+25.00","481"
"3010","華立","236,000","13,110,300","55.90","56.20","55.20","55.50","-0.40","149"
"3011","今皓","835,000","4,629,960","5.11","5.62","5.11","5.62","+0.51","235"
"3013","晟銘電","115,000","1,437,600","12.50","12.55","12.40","12.50","+0.10","52"
"3014","聯陽","5,587,000","320,045,700","57.60","58.00","56.50","57.10","+1.10","3,509"
"3015","全漢","199,000","4,368,350","21.90","22.05","21.85","22.00","+0.15","137"
"3016","嘉晶","23,248,000","1,408,623,900","58.50","63.00","58.20","61.40","+3.90","14,468"
"3017","奇鋐","5,370,000","201,032,900","37.40","37.90","36.90","37.80","+0.60","3,052"
"3018","同開","221,000","4,110,750","18.90","18.90","18.45","18.75","-0.05","123"
"3019","亞光","1,401,000","96,076,900","68.50","69.30","68.10","68.20","+0.20","989"
"3021","鴻名","25,000","324,300","12.95","13.15","12.90","13.00","-0.20","14"
"3022","威強電","146,000","5,900,650","40.45","40.70","40.00","40.50","+0.20","112"
"3023","信邦","2,143,000","319,132,000","149.00","152.00","146.50","147.00","+0.50","1,589"
"3024","憶聲","256,000","1,834,350","7.18","7.26","7.12","7.17","-0.01","91"
"3025","星通","55,000","1,056,900","19.40","19.45","19.05","19.05","-0.05","35"
"3026","禾伸堂","3,756,000","474,483,500","126.50","128.50","124.50","124.50","-0.50","2,573"
"3027","盛達","377,000","3,047,020","8.13","8.15","8.00","8.13","+0.05","118"
"3028","增你強","129,000","2,453,500","19.00","19.05","18.95","19.00","+0.05","87"
"3029","零壹","1,208,000","39,354,450","32.70","32.80","32.40","32.70","-0.10","710"
"3030","德律","444,000","23,876,300","53.40","54.30","53.10","54.00","+0.70","294"
"3031","佰鴻","1,010,000","15,264,700","14.90","15.20","14.90","15.10","+0.25","378"
"3032","偉訓","208,000","6,013,700","29.00","29.10","28.85","28.90","-0.05","90"
"3033","威健","187,000","2,745,800","14.75","14.75","14.65","14.70"," 0.00","115"
"3034","聯詠","4,497,000","889,613,500","197.00","200.50","195.00","198.00","+1.00","2,957"
"3035","智原","1,971,000","83,584,550","42.45","42.90","41.85","42.30","+0.35","1,302"
"3036","文曄","1,213,000","47,087,150","39.00","39.00","38.70","38.70","-0.10","840"
"3037","欣興","51,351,000","2,034,366,500","39.50","40.45","38.90","39.60","+0.50","22,617"
"3038","全台","5,286,000","101,791,800","19.10","19.50","19.00","19.15","+0.10","1,798"
"3040","遠見","2,864,000","110,037,150","36.40","39.25","36.40","39.25","+3.55","1,596"
"3041","揚智","4,458,000","77,547,700","17.10","17.90","17.05","17.05","+0.05","2,139"
"3042","晶技","7,251,000","399,711,300","55.50","56.20","54.40","54.50","-0.80","4,336"
"3043","科風","202,000","301,260","1.46","1.50","1.46","1.49","+0.04","39"
"3044","健鼎","2,903,000","316,775,500","110.50","110.50","108.50","109.00","-1.50","1,609"
"3045","台灣大","2,668,000","287,659,000","108.00","108.50","107.50","107.50","-0.50","1,357"
"3046","建碁","42,000","490,150","11.50","11.75","11.40","11.70","-0.05","22"
"3047","訊舟","388,000","3,118,420","8.07","8.13","8.00","8.01","-0.06","118"
"3048","益登","688,000","12,123,800","17.75","17.75","17.50","17.65","-0.05","330"
"3049","和鑫","3,053,000","30,742,850","10.05","10.15","10.00","10.05","+0.05","958"
"3050","鈺德","249,000","2,391,720","9.65","9.70","9.56","9.57","-0.09","99"
"3051","力特","192,000","616,110","3.18","3.29","3.12","3.22","-0.09","46"
"3052","夆典","1,448,000","15,685,000","10.55","11.10","10.55","10.95","+0.40","459"
"3054","立萬利","39,000","934,700","23.90","24.00","23.80","24.00","+0.10","31"
"3055","蔚華科","91,000","2,517,650","28.15","28.20","27.35","27.35","-0.20","39"
"3056","總太","1,029,000","32,929,650","32.10","32.10","31.90","32.10"," 0.00","466"
"3057","喬鼎","117,000","528,400","4.57","4.58","4.50","4.52","-0.06","52"
"3058","立德","230,000","1,572,110","6.85","6.94","6.80","6.81","+0.01","85"
"3059","華晶科","6,820,000","160,046,400","23.15","24.15","22.90","23.00","+0.65","3,574"
"3060","銘異","1,195,000","15,490,500","13.00","13.15","12.75","12.80","-0.20","385"
"3062","建漢","959,000","14,034,400","14.60","14.75","14.50","14.60"," 0.00","417"
"3090","日電貿","1,363,000","71,878,600","52.60","53.40","52.30","52.30"," 0.00","877"
"3094","聯傑","1,444,000","27,004,750","18.50","19.45","18.15","18.15","-0.05","799"
"3130","一零四","5,000","782,500","157.00","157.00","156.00","156.00","-1.00","5"
"3149","正達","307,000","2,243,660","7.40","7.46","7.25","7.25","-0.10","108"
"3164","景岳","185,000","4,451,050","24.05","24.40","23.55","23.80","-0.20","99"
"3167","大量","74,000","3,043,150","41.35","41.60","40.40","40.40","-0.95","33"
"3189","景碩","4,936,000","233,347,700","48.60","48.60","46.40","46.95","-1.05","2,818"
"3209","全科","526,000","10,715,100","20.30","20.45","20.30","20.35","-0.15","279"
"3229","晟鈦","30,000","275,030","9.38","9.38","9.09","9.25","+0.02","23"
"3231","緯創","14,525,000","411,494,650","28.50","28.60","28.15","28.15","-0.15","4,658"
"3257","虹冠電","374,000","23,212,800","62.20","63.00","61.50","62.00","+0.10","213"
"3266","昇陽","165,000","2,255,450","13.80","13.95","13.50","13.55"," 0.00","90"
"3296","勝德","4,000","52,150","13.05","13.05","13.00","13.05"," 0.00","3"
"3305","昇貿","580,000","11,611,000","19.60","20.35","19.45","20.10","+0.70","341"
"3308","聯德","18,000","96,910","5.38","5.50","5.35","5.50","+0.10","12"
"3311","閎暉","922,000","27,364,300","29.50","30.50","28.95","29.45","+0.85","497"
"3312","弘憶股","323,000","4,829,700","15.00","15.10","14.90","14.90","-0.05","147"
"3321","同泰","651,000","7,012,400","10.00","10.90","10.00","10.90","+0.95","207"
"3338","泰碩","2,525,000","229,387,500","91.80","92.20","90.30","90.50","-1.30","1,758"
"3346","麗清","187,000","4,805,300","25.70","26.05","25.50","25.55","-0.15","119"
"3356","奇偶","637,000","14,325,350","22.25","22.80","21.80","22.55","+0.65","330"
"3376","新日興","2,665,000","339,366,500","125.00","131.50","123.00","131.50","+6.50","1,658"
"3380","明泰","3,163,000","82,713,300","26.20","26.25","26.05","26.20","+0.05","2,182"
"3383","新世紀","24,000","102,410","4.38","4.38","4.20","4.36","-0.01","15"
"3406","玉晶光","6,544,000","3,172,024,500","478.00","491.50","473.00","490.00","+14.50","5,224"
"3413","京鼎","1,161,000","194,781,500","167.00","169.00","166.00","169.00","+2.00","856"
"3416","融程電","156,000","8,687,900","55.60","56.10","55.30","55.50","-0.10","70"
"3419","譁裕","325,000","4,550,300","13.90","14.10","13.90","14.05","+0.20","173"
"3432","台端","70,000","786,400","11.25","11.25","11.15","11.15","-0.10","21"
"3437","榮創","11,024,000","214,933,800","18.75","20.15","18.75","19.15","+0.50","5,015"
"3443","創意","998,000","223,209,000","224.50","226.00","221.00","224.50","+1.00","772"
"3450","聯鈞","2,282,000","144,444,700","63.70","64.30","62.80","62.80","-1.20","1,604"
"3454","晶睿","269,000","18,993,100","69.80","71.20","69.80","70.70","+1.60","217"
"3481","群創","45,909,000","288,898,250","6.33","6.40","6.22","6.22","-0.06","7,097"
"3494","誠研","142,000","479,060","3.40","3.41","3.32","3.38","-0.01","37"
"3501","維熹","124,000","5,597,650","45.10","45.25","45.05","45.10"," 0.00","61"
"3504","揚明光","356,000","21,284,900","59.30","60.20","59.20","59.90","+0.90","262"
"3515","華擎","6,723,000","854,687,000","122.50","129.50","122.00","129.50","+7.50","4,622"
"3518","柏騰","602,000","21,357,600","34.80","35.95","34.80","35.35","+0.35","394"
"3528","安馳","30,000","1,146,200","38.65","38.65","38.00","38.45","-0.15","28"
"3530","晶相光","705,000","56,819,800","80.40","81.40","79.70","81.40","+0.90","499"
"3532","台勝科","1,013,000","154,575,500","151.00","155.00","149.50","153.50","+3.00","812"
"3533","嘉澤","878,000","354,422,000","409.00","409.00","400.50","403.50","+0.50","787"
"3535","晶彩科","583,000","9,079,350","15.90","15.90","15.40","15.45","-0.25","299"
"3536","誠創","5,000","15,600","3.12","3.12","3.12","3.12","-0.25","3"
"3543","州巧","612,000","10,172,500","17.05","17.05","16.35","16.55","-0.45","328"
"3545","敦泰","8,051,000","256,082,550","32.00","32.40","31.40","32.00","+0.15","3,761"
"3550","聯穎","40,000","475,800","11.95","11.95","11.80","11.95"," 0.00","27"
"3557","嘉威","2,544,000","185,201,000","71.70","74.60","70.50","72.30","+0.30","1,781"
"3563","牧德","2,868,000","987,291,000","330.00","353.00","330.00","347.00","+18.00","2,568"
"3576","聯合再生","6,201,000","37,222,120","6.04","6.06","5.95","6.03","+0.03","1,167"
"3583","辛耘","112,000","5,253,550","46.50","47.40","46.50","46.80","+0.35","94"
"3588","通嘉","495,000","15,209,050","30.70","31.40","30.25","30.55","+0.60","338"
"3591","艾笛森","178,000","2,132,550","11.95","12.05","11.95","12.00","+0.05","70"
"3593","力銘","161,000","1,483,820","9.20","9.50","9.10","9.37","+0.27","70"
"3596","智易","1,259,000","106,508,800","84.90","85.40","84.00","84.50","-0.30","1,027"
"3605","宏致","348,000","8,293,850","23.85","24.00","23.65","23.75","+0.05","207"
"3607","谷崧","598,000","7,580,350","12.40","12.95","12.40","12.55","+0.20","278"
"3617","碩天","125,000","10,140,000","81.00","81.40","80.80","81.00","+0.30","100"
"3622","洋華","99,000","1,850,850","18.65","18.85","18.50","18.75","+0.10","56"
"3645","達邁","533,000","21,520,000","40.00","40.70","40.00","40.50","+0.80","352"
"3653","健策","2,358,000","479,790,000","203.50","207.00","198.50","207.00","+5.50","1,888"
"3661","世芯-KY","6,782,000","2,061,361,000","311.00","313.00","296.00","296.50","-12.50","5,364"
"3665","貿聯-KY","1,141,000","214,483,500","188.50","190.00","185.50","189.00","+2.50","906"
"3669","圓展","1,293,000","39,323,750","30.00","30.80","29.80","30.40","+0.70","790"
"3673","TPK-KY","1,684,000","69,751,750","41.40","41.80","41.00","41.20","-0.25","946"
"3679","新至陞","67,000","4,153,700","63.30","63.40","61.50","61.80","-1.10","63"
"3682","亞太電","5,388,000","35,974,370","6.54","6.80","6.50","6.73","+0.19","1,311"
"3686","達能","392,000","1,480,710","3.83","3.84","3.72","3.82","-0.01","100"
"3694","海華","143,000","2,497,250","17.45","17.75","17.30","17.55","+0.05","89"
"3698","隆達","36,098,000","703,970,150","18.50","20.15","18.25","20.10","+1.75","12,337"
"3701","大眾控","4,000","54,450","13.65","13.65","13.55","13.55","+0.05","4"
"3702","大聯大","1,462,000","57,078,900","39.30","39.30","38.95","38.95","-0.15","930"
"3702A","大聯大甲特","142,000","6,980,300","49.10","49.20","49.10","49.20","+0.10","36"
"3703","欣陸","936,000","10,913,950","11.70","11.80","11.60","11.70","+0.10","169"
"3704","合勤控","7,391,000","116,579,200","14.90","16.15","14.90","16.15","+1.45","3,059"
"3705","永信","1,259,000","60,882,800","48.65","48.90","47.80","47.90","-0.50","732"
"3706","神達","8,443,000","258,221,850","30.30","30.90","30.15","30.70","+0.60","4,422"
"3708","上緯投控","2,213,000","186,542,900","85.50","86.30","82.80","82.80","-1.70","1,643"
"3711","日月光投控","11,025,000","678,587,900","61.80","62.70","61.00","61.70","-0.50","5,547"
"3712","永崴投控","272,000","3,640,000","13.50","13.60","13.25","13.35","-0.10","155"
"4104","佳醫","250,000","13,843,300","55.30","55.60","55.10","55.40","+0.30","187"
"4106","雃博","8,097,000","283,956,350","35.00","36.05","34.00","34.30","-0.80","4,567"
"4108","懷特","352,000","6,851,450","19.25","19.70","19.25","19.40","-0.05","207"
"4119","旭富","1,728,000","240,498,500","139.00","141.00","137.50","139.00","+0.50","1,211"
"4133","亞諾法","23,463,000","1,434,146,100","60.50","63.40","57.30","60.50","+0.10","14,629"
"4137","麗豐-KY","238,000","45,147,500","191.50","193.00","188.00","188.00","-2.00","196"
"4141","龍燈-KY","90,000","1,281,400","14.10","14.40","14.10","14.10"," 0.00","54"
"4142","國光生","137,438,000","7,526,084,100","52.30","57.50","51.00","55.00","+2.60","66,588"
"4144","康聯-KY","109,000","2,362,750","21.85","21.85","21.50","21.50","-0.35","69"
"4148","全宇生技-KY","182,000","6,363,200","36.00","36.00","34.20","34.90","-1.10","148"
"4155","訊映","582,000","17,685,100","30.75","30.85","30.00","30.10","-0.30","362"
"4164","承業醫","306,000","11,898,650","38.70","39.20","38.50","39.10","+0.25","194"
"4190","佐登-KY","195,000","16,178,200","84.20","84.70","82.20","82.70","-1.90","180"
"4306","炎洲","460,000","4,909,050","10.75","10.75","10.55","10.65","-0.15","144"
"4414","如興","497,000","4,227,120","8.57","8.57","8.45","8.47"," 0.00","201"
"4426","利勤","751,000","23,473,750","30.20","31.90","30.20","31.80","+1.70","473"
"4438","廣越","64,000","7,610,500","119.00","120.50","117.50","118.50","-2.00","55"
"4439","冠星-KY","63,000","8,627,000","137.50","139.00","135.50","137.50","-1.50","54"
"4526","東台","252,000","3,183,850","12.65","12.70","12.60","12.60","-0.05","80"
"4532","瑞智","420,000","7,173,250","17.15","17.15","17.00","17.05","-0.10","236"
"4536","拓凱","4,380,000","546,988,500","119.50","129.50","119.00","128.50","+10.50","3,359"
"4540","全球傳動","168,000","8,671,700","51.90","52.10","51.10","51.90","+0.20","130"
"4545","銘鈺","120,000","3,225,250","26.25","27.65","26.20","27.40","+1.10","80"
"4551","智伸科","1,610,000","222,833,000","139.00","140.50","136.00","137.00","+2.50","1,240"
"4552","力達-KY","156,000","4,619,350","29.60","30.00","29.35","29.50","-0.15","118"
"4555","氣立","120,000","6,115,000","52.50","52.50","50.10","50.70","-1.10","98"
"4557","永新-KY","26,000","1,749,400","67.40","67.50","67.10","67.50","+0.10","19"
"4560","強信-KY","261,000","12,555,900","48.50","48.50","47.85","48.20","-0.20","146"
"4562","穎漢","10,000","167,900","16.90","16.90","16.70","16.90","+0.15","9"
"4564","元翎","706,000","22,316,150","31.05","31.90","31.00","31.85","+0.90","411"
"4566","時碩工業","1,194,000","50,005,850","42.65","42.80","41.00","42.30","+0.40","875"
"4571","鈞興-KY","15,000","893,700","59.50","60.70","59.20","60.40","+0.40","12"
"4572","駐龍","77,000","6,375,500","83.00","83.30","82.40","82.70","-0.10","56"
"4576","大銀微系統","88,000","6,316,000","72.10","73.90","71.00","71.20","-0.80","79"
"4581","光隆精密-KY","55,000","2,150,500","38.80","39.50","38.80","39.40","+0.60","42"
"4720","德淵","14,055,000","250,542,800","16.95","18.30","16.95","18.15","+1.25","5,286"
"4722","國精化","463,000","12,866,050","27.90","28.00","27.60","27.95","+0.05","188"
"4725","信昌化","165,000","1,120,350","6.79","6.79","6.79","6.79","-0.75","50"
"4737","華廣","73,000","4,911,200","66.80","67.90","66.80","67.30","+0.50","55"
"4739","康普","261,000","15,149,100","59.30","59.30","56.50","57.80","-0.90","210"
"4746","台耀","6,669,000","347,002,900","52.00","53.20","50.80","52.30","+0.60","4,272"
"4755","三福化","31,000","1,425,250","46.00","46.05","45.85","46.00","+0.10","25"
"4763","材料-KY","126,000","15,839,000","126.00","127.00","125.00","125.50"," 0.00","112"
"4764","雙鍵","47,000","3,221,500","68.10","68.90","68.00","68.60"," 0.00","30"
"4766","南寶","180,000","22,426,000","123.50","125.50","123.50","125.50","+2.50","158"
"4807","日成-KY","264,000","7,902,750","30.75","30.85","29.00","29.00","-2.50","212"
"4904","遠傳","2,679,000","176,792,900","66.50","66.50","65.70","65.80","-0.20","1,433"
"4906","正文","831,000","17,716,050","21.35","21.45","21.20","21.35"," 0.00","394"
"4912","聯德控股-KY","56,000","4,537,100","81.00","81.40","80.40","81.00"," 0.00","54"
"4915","致伸","2,527,000","117,852,900","46.50","47.45","46.15","46.90","+0.40","1,772"
"4916","事欣科","159,000","4,239,450","26.80","26.80","26.55","26.70","+0.20","102"
"4919","新唐","1,258,000","45,231,300","35.85","36.25","35.60","35.85","+0.35","793"
"4927","泰鼎-KY","12,062,000","769,742,600","63.40","65.00","61.80","65.00","+2.10","7,021"
"4930","燦星網","29,000","281,600","9.80","9.80","9.62","9.63","-0.06","13"
"4934","太極","1,728,000","29,079,000","16.85","17.15","16.65","16.75","-0.10","744"
"4935","茂林-KY","10,063,000","1,323,413,500","125.00","135.50","125.00","135.50","+12.00","6,531"
"4938","和碩","8,671,000","531,172,000","61.20","61.70","61.00","61.00","-0.10","4,511"
"4942","嘉彰","311,000","10,545,200","34.00","34.10","33.75","33.80","-0.20","210"
"4943","康控-KY","2,828,000","335,762,000","121.50","122.50","116.00","117.00","-2.50","2,098"
"4952","凌通","117,000","3,437,450","29.15","29.55","29.15","29.30","+0.15","82"
"4956","光鋐","2,128,000","39,282,950","17.10","19.15","17.10","19.15","+1.55","699"
"4958","臻鼎-KY","7,253,000","816,547,500","109.50","114.00","109.50","113.00","+4.00","4,468"
"4960","誠美材","2,936,000","18,108,380","6.15","6.29","6.07","6.10","+0.02","667"
"4961","天鈺","691,000","18,972,250","26.95","27.80","26.85","27.65","+0.80","406"
"4967","十銓","7,572,000","309,212,500","40.00","41.50","40.00","40.90","+1.45","4,400"
"4968","立積","3,339,000","502,290,000","153.00","154.50","148.50","150.00","-3.00","2,448"
"4976","佳凌","196,000","3,433,650","17.45","17.90","17.30","17.45"," 0.00","133"
"4977","眾達-KY","1,058,000","126,609,500","122.00","122.00","118.00","118.50","-1.00","733"
"4989","榮科","95,000","1,837,900","19.65","19.65","19.25","19.25","-0.05","68"
"4994","傳奇","94,000","6,072,200","64.60","65.40","64.00","64.00","-0.40","76"
"4999","鑫禾","80,000","3,199,400","40.10","40.25","39.90","40.10","+0.15","41"
"5007","三星","81,000","3,601,550","44.45","44.80","44.05","44.75","+0.30","56"
"5203","訊連","504,000","59,738,000","120.00","120.50","117.50","118.50","-1.50","403"
"5215","科嘉-KY","865,000","62,455,900","72.80","72.80","71.70","71.80","-0.30","573"
"5225","東科-KY","199,000","5,012,050","25.80","25.80","24.85","24.85","-0.45","121"
"5234","達興材料","123,000","10,767,400","88.40","88.50","86.70","86.70","-0.90","115"
"5243","乙盛-KY","668,000","20,435,300","30.35","31.20","30.30","30.40","+0.05","390"
"5258","虹堡","149,000","3,508,450","23.30","23.90","23.20","23.90","+0.55","109"
"5264","鎧勝-KY","1,796,000","77,682,500","43.80","44.40","42.65","43.00","+0.35","1,137"
"5269","祥碩","1,021,000","1,163,545,000","1,120.00","1,165.00","1,105.00","1,165.00","+60.00","967"
"5283","禾聯碩","69,000","6,847,300","99.90","99.90","98.80","99.00","-0.60","59"
"5284","jpp-KY","86,000","3,459,250","40.35","40.45","40.00","40.05","-0.30","55"
"5285","界霖","155,000","6,504,900","41.60","42.35","41.40","42.25","+0.85","108"
"5288","豐祥-KY","199,000","18,976,600","95.50","96.50","94.50","95.60","-0.90","149"
"5305","敦南","451,000","18,731,950","41.70","41.70","41.40","41.50","-0.05","291"
"5388","中磊","487,000","35,084,600","72.00","72.60","71.70","71.90","-0.10","425"
"5434","崇越","443,000","45,252,000","102.50","103.00","101.50","102.00","-0.50","297"
"5469","瀚宇博","3,819,000","139,725,700","37.00","37.10","36.25","36.60","-0.25","1,967"
"5471","松翰","8,366,000","482,134,100","57.60","58.50","57.00","57.40","+0.40","4,998"
"5484","慧友","103,000","840,560","8.16","8.24","8.16","8.24","+0.20","20"
"5515","建國","122,000","1,257,650","10.35","10.35","10.25","10.30","-0.05","44"
"5519","隆大","579,000","8,566,250","14.75","14.90","14.70","14.75","-0.05","210"
"5521","工信","1,710,000","14,332,390","8.44","8.48","8.30","8.32","-0.11","444"
"5522","遠雄","1,291,000","56,742,850","44.00","44.10","43.75","44.00"," 0.00","511"
"5525","順天","33,000","660,100","19.95","20.10","19.95","20.10"," 0.00","26"
"5531","鄉林","263,000","2,271,520","8.68","8.74","8.58","8.61","-0.07","132"
"5533","皇鼎","84,000","1,294,100","15.45","15.45","15.35","15.35","+0.05","27"
"5534","長虹","359,000","29,553,800","82.30","82.50","82.00","82.10","-0.30","276"
"5538","東明-KY","4,000","116,400","29.10","29.10","29.10","29.10","X0.00","4"
"5546","永固-KY","3,097,000","187,772,000","60.50","62.30","58.70","59.60","X0.00","1,971"
"5607","遠雄港","1,347,000","29,684,250","21.95","22.40","21.70","21.80","-0.15","566"
"5608","四維航","922,000","4,615,180","5.01","5.04","4.96","5.00"," 0.00","236"
"5706","鳳凰","65,000","2,055,650","31.90","31.90","31.45","31.45","-0.40","54"
"5871","中租-KY","1,936,000","218,685,500","113.00","113.50","112.50","113.00"," 0.00","1,163"
"5876","上海商銀","2,735,000","118,870,700","43.40","43.80","43.25","43.40","+0.05","1,264"
"5880","合庫金","10,191,000","204,472,350","20.10","20.15","20.00","20.05","-0.05","2,826"
"5906","台南-KY","31,000","527,100","16.80","17.25","16.75","16.85","+0.05","25"
"5907","大洋-KY","243,000","5,733,950","23.50","23.80","23.40","23.70","+0.20","108"
"6005","群益證","1,866,000","18,572,270","9.98","10.05","9.91","9.95","-0.03","762"
"6024","群益期","110,000","4,244,750","38.50","38.65","38.50","38.60","+0.10","80"
"6108","競國","293,000","6,124,900","21.00","21.05","20.80","20.85","-0.05","181"
"6112","聚碩","1,313,000","51,963,850","39.90","39.95","39.20","39.95"," 0.00","843"
"6115","鎰勝","75,000","3,254,450","43.60","43.60","43.25","43.30","-0.30","64"
"6116","彩晶","8,033,000","48,618,110","6.07","6.14","6.00","6.00","-0.02","1,747"
"6117","迎廣","53,000","840,300","16.30","16.30","15.60","16.20","-0.10","27"
"6120","達運","595,000","6,286,700","10.45","10.70","10.45","10.50","+0.05","277"
"6128","上福","41,000","1,180,400","28.80","28.90","28.70","28.85","+0.05","35"
"6131","鈞泰","0","0","0.00","0.00","0.00","0.00"," 0.00","0"
"6133","金橋","26,000","186,120","7.15","7.19","7.10","7.15","+0.01","13"
"6136","富爾特","100,000","1,866,450","18.60","18.75","18.60","18.60","-0.05","56"
"6139","亞翔","1,829,000","48,041,450","26.25","26.75","25.80","25.80","+0.05","1,031"
"6141","柏承","448,000","7,735,200","17.20","17.35","17.20","17.20","+0.10","242"
"6142","友勁","68,000","480,750","7.07","7.17","7.04","7.07","+0.01","36"
"6152","百一","156,000","935,090","6.02","6.05","5.91","6.03","-0.02","53"
"6153","嘉聯益","2,528,000","66,595,600","26.10","26.60","26.10","26.40","+0.20","1,485"
"6155","鈞寶","364,000","8,948,150","24.50","25.15","24.20","24.40","+0.20","275"
"6164","華興","175,000","997,050","5.73","5.73","5.67","5.69","-0.03","66"
"6165","捷泰","1,200,000","33,647,000","26.05","28.60","26.05","28.60","+2.60","606"
"6166","凌華","425,000","27,321,700","65.00","65.20","63.10","63.90","-1.10","286"
"6168","宏齊","1,142,000","14,081,100","12.00","12.60","12.00","12.50","+0.35","413"
"6172","互億","169,000","3,870,900","23.00","23.30","22.50","22.50","-0.50","80"
"6176","瑞儀","5,317,000","526,638,300","97.90","99.80","97.70","99.50","+1.90","3,693"
"6177","達麗","362,000","10,299,750","28.50","28.50","28.40","28.50","+0.15","155"
"6183","關貿","80,000","3,361,150","42.05","42.10","41.90","41.95","-0.10","53"
"6184","大豐電","192,000","8,091,850","42.00","42.25","42.00","42.05","+0.05","81"
"6189","豐藝","537,000","18,479,500","34.05","34.60","34.05","34.45","+0.35","316"
"6191","精成科","4,820,000","65,979,250","13.75","13.85","13.55","13.60","+0.20","1,694"
"6192","巨路","90,000","5,881,200","65.30","65.60","65.10","65.40","+0.10","64"
"6196","帆宣","592,000","41,921,900","71.40","71.40","70.10","70.60"," 0.00","459"
"6197","佳必琪","435,000","14,025,250","32.00","32.40","32.00","32.15","+0.20","258"
"6201","亞弘電","20,000","666,400","33.30","33.45","33.25","33.25","+0.05","16"
"6202","盛群","670,000","43,951,000","65.20","66.00","65.20","65.50","+0.40","468"
"6205","詮欣","38,000","947,750","25.00","25.00","24.80","24.80","-0.20","21"
"6206","飛捷","85,000","5,780,400","67.90","68.40","67.80","68.10","+0.30","65"
"6209","今國光","405,000","8,744,100","21.60","21.80","21.30","21.45","-0.15","246"
"6213","聯茂","2,908,000","375,945,500","131.00","131.50","128.00","128.50","-2.00","2,193"
"6214","精誠","350,000","27,454,900","78.50","78.70","78.10","78.50"," 0.00","286"
"6215","和椿","900,000","14,417,200","16.00","16.25","15.80","16.00","+0.10","467"
"6216","居易","40,000","1,092,450","27.30","27.40","27.20","27.25","-0.15","25"
"6224","聚鼎","385,000","23,704,500","61.00","62.10","61.00","61.90","+1.10","270"
"6225","天瀚","5,000","14,680","2.66","3.12","2.66","3.12","X0.00","4"
"6226","光鼎","2,097,000","17,278,460","8.31","8.35","8.17","8.17","-0.14","672"
"6230","超眾","486,000","118,310,000","244.50","247.00","240.00","240.00","-2.50","424"
"6235","華孚","178,000","1,852,150","10.35","10.50","10.35","10.35"," 0.00","84"
"6239","力成","3,685,000","363,833,400","99.30","100.50","98.10","98.80","-0.40","2,105"
"6243","迅杰","197,000","1,764,900","9.00","9.02","8.90","8.92","-0.06","80"
"6251","定穎","9,202,000","174,283,150","19.05","19.20","18.75","18.95","+0.15","3,313"
"6257","矽格","4,899,000","183,015,900","37.00","37.90","36.85","37.75","+0.95","2,768"
"6269","台郡","3,419,000","349,076,000","102.50","103.50","101.50","101.50"," 0.00","1,959"
"6271","同欣電","6,460,000","871,096,000","133.50","137.50","133.00","134.00","+2.00","4,474"
"6277","宏正","250,000","22,040,700","88.10","89.00","87.00","88.60","+0.50","204"
"6278","台表科","26,193,000","2,991,489,000","112.50","120.00","109.00","117.00","+7.00","16,400"
"6281","全國電","40,000","2,723,800","68.20","68.20","68.00","68.00","-0.20","35"
"6282","康舒","1,899,000","39,051,800","20.70","20.70","20.45","20.50","-0.05","844"
"6283","淳安","317,000","7,012,500","21.60","22.40","21.60","21.90","+0.05","189"
"6285","啟碁","987,000","62,134,300","63.00","63.50","62.60","62.60","-0.60","587"
"6288","聯嘉","1,533,000","29,684,800","19.60","19.60","19.15","19.25","-0.35","732"
"6289","華上","3,000","5,350","1.81","1.81","1.73","1.73","-0.06","3"
"6405","悅城","14,000","208,300","14.85","15.10","14.80","15.10","+0.15","9"
"6409","旭隼","114,000","90,335,000","786.00","812.00","780.00","792.00","+13.00","113"
"6412","群電","481,000","30,734,400","64.40","64.40","63.30","64.00"," 0.00","436"
"6414","樺漢","526,000","99,769,500","188.00","191.50","188.00","189.00","+1.50","463"
"6415","矽力-KY","1,154,000","1,687,235,000","1,450.00","1,485.00","1,420.00","1,480.00","-5.00","1,055"
"6416","瑞祺電通","1,870,000","235,274,000","123.00","128.00","123.00","127.00","+4.50","1,406"
"6431","光麗-KY","17,000","387,650","22.90","22.90","22.70","22.75","-0.15","12"
"6442","光聖","19,000","671,200","35.30","35.55","35.20","35.30","+0.10","11"
"6443","元晶","1,497,000","9,299,230","6.22","6.30","6.16","6.19","+0.01","310"
"6449","鈺邦","99,000","3,022,450","30.05","30.95","30.05","30.55","+0.60","78"
"6451","訊芯-KY","678,000","73,069,500","108.50","109.00","106.50","108.00","+1.00","561"
"6452","康友-KY","551,000","83,778,500","152.50","154.00","150.50","151.00","-1.50","401"
"6456","GIS-KY","1,417,000","134,783,400","95.40","95.60","94.50","95.10","+0.20","886"
"6464","台數科","19,000","2,174,000","115.00","115.00","113.50","114.00","-1.00","14"
"6477","安集","104,000","2,080,450","20.00","20.15","19.95","20.00","+0.05","48"
"6491","晶碩","126,000","15,756,500","125.00","126.50","123.50","124.00","-1.00","90"
"6504","南六","3,741,000","883,264,500","236.50","240.50","229.00","237.50","+5.50","2,936"
"6505","台塑化","4,233,000","387,808,700","93.00","93.00","91.00","91.00","-1.10","2,560"
"6525","捷敏-KY","304,000","18,160,000","59.50","60.30","59.10","59.60","+1.00","199"
"6531","愛普","2,791,000","610,860,000","221.00","223.00","214.50","216.50","+0.50","2,173"
"6533","晶心科","3,097,000","367,938,500","116.50","121.50","115.00","120.00","+4.00","2,553"
"6541","泰福-KY","4,349,000","208,914,400","48.20","48.20","46.65","48.20","+4.35","1,645"
"6552","易華電","454,000","26,373,200","58.10","58.60","57.50","58.10","+0.30","325"
"6558","興能高","1,187,000","52,886,800","44.30","45.20","43.50","45.20","+1.30","796"
"6573","虹揚-KY","48,000","855,850","18.00","18.10","17.60","17.70","+0.15","42"
"6579","研揚","14,000","899,000","64.10","64.40","64.00","64.10","-0.10","14"
"6581","鋼聯","33,000","2,009,600","61.20","61.30","60.70","60.80","-0.40","29"
"6582","申豐","799,000","86,708,500","109.50","111.00","106.50","108.00","-0.50","651"
"6591","動力-KY","1,048,000","49,037,800","48.00","48.05","46.00","46.50","-1.50","846"
"6592","和潤企業","1,296,000","103,637,800","80.10","80.30","79.60","80.00","+0.20","789"
"6605","帝寶","506,000","24,968,250","48.40","50.00","48.40","49.20","+1.05","356"
"6625","必應","52,000","1,966,200","38.00","38.00","37.80","37.80","-0.45","17"
"6641","基士德-KY","25,000","1,687,300","67.50","67.80","67.20","67.20","-0.60","16"
"6655","科定","80,000","3,284,100","41.30","41.50","40.40","40.40","-0.90","30"
"6666","羅麗芬-KY","20,000","2,418,000","121.00","121.50","120.00","121.50","+1.50","18"
"6668","中揚光","184,000","10,690,600","58.50","59.00","57.10","57.80","-0.60","145"
"6669","緯穎","1,602,000","1,382,970,000","871.00","885.00","845.00","854.00","-3.00","1,486"
"6670","復盛應用","2,370,000","391,258,500","158.00","171.50","158.00","170.50","+12.50","1,819"
"6671","三能-KY","175,000","6,572,050","37.45","38.10","37.30","37.70","+0.35","67"
"6672","騰輝電子-KY","807,000","71,838,800","89.30","89.80","88.00","88.80","-0.50","576"
"6674","鋐寶科技","66,000","1,540,000","23.40","23.80","23.00","23.45","-0.15","39"
"6698","旭暉應材","70,000","3,636,900","51.40","52.50","51.40","52.50","+0.60","57"
"6706","惠特","5,188,000","743,654,000","139.00","147.50","137.00","147.50","+13.00","3,333"
"6715","嘉基","898,000","96,711,500","103.50","110.50","103.00","110.00","+6.50","623"
"8011","台通","6,262,000","120,901,600","20.10","20.30","18.90","18.90","-1.10","2,955"
"8016","矽創","5,695,000","851,662,000","155.00","155.00","146.00","147.00","-5.00","4,112"
"8021","尖點","393,000","8,034,400","20.65","20.65","20.30","20.35","-0.20","215"
"8028","昇陽半導體","828,000","39,515,450","47.25","48.30","47.10","48.15","+1.10","586"
"8033","雷虎","355,000","2,879,010","8.17","8.26","8.03","8.10","-0.07","200"
"8039","台虹","924,000","43,252,650","46.90","47.10","46.20","46.75","+0.05","542"
"8046","南電","34,042,000","1,985,428,500","59.00","60.30","56.70","57.80","-0.70","17,359"
"8070","長華","31,000","4,813,500","156.00","156.00","155.00","155.50"," 0.00","29"
"8072","陞泰","47,000","1,020,350","21.60","21.85","21.60","21.70","+0.05","27"
"8081","致新","4,126,000","607,771,500","148.00","149.50","145.00","147.50","+3.00","2,969"
"8101","華冠","72,000","295,920","4.11","4.11","4.11","4.11","-0.45","18"
"8103","瀚荃","104,000","2,527,800","24.25","24.35","24.25","24.35","+0.10","59"
"8104","錸寶","616,000","24,991,050","40.30","41.45","39.30","41.10","+1.40","462"
"8105","凌巨","759,000","6,862,650","8.90","9.19","8.90","9.06","+0.16","328"
"8110","華東","506,000","4,931,690","9.70","9.82","9.68","9.72","+0.02","224"
"8112","至上","2,698,000","82,191,300","30.30","30.75","30.25","30.65","+0.40","1,393"
"8114","振樺電","51,000","4,311,800","84.60","84.90","84.20","84.90","+0.30","35"
"8131","福懋科","496,000","18,566,650","37.15","37.70","37.15","37.55","+0.55","255"
"8150","南茂","3,805,000","117,540,900","30.50","31.20","30.50","31.10","+0.65","1,839"
"8163","達方","868,000","31,702,500","36.45","36.80","36.20","36.40","+0.20","552"
"8201","無敵","113,000","921,240","8.22","8.27","8.10","8.19","-0.01","40"
"8210","勤誠","901,000","82,740,500","92.50","92.60","91.30","91.60","-0.40","694"
"8213","志超","1,743,000","60,869,050","35.05","35.15","34.60","35.00"," 0.00","776"
"8215","明基材","930,000","15,252,650","16.25","16.55","16.20","16.40","+0.20","421"
"8222","寶一","50,000","668,800","13.60","13.60","13.30","13.30","-0.10","29"
"8249","菱光","74,000","1,361,450","18.40","18.50","18.35","18.40"," 0.00","43"
"8261","富鼎","1,005,000","25,704,600","24.90","26.30","24.90","25.25","+0.65","712"
"8271","宇瞻","1,705,000","80,104,100","47.75","47.80","46.65","46.90","-0.50","1,141"
"8341","日友","130,000","35,883,000","276.50","278.00","274.50","274.50","-2.00","119"
"8367","建新國際","126,000","3,159,850","25.15","25.60","25.00","25.00","-0.50","90"
"8374","羅昇","63,000","1,308,700","20.80","20.90","20.65","20.90","+0.10","37"
"8404","百和興業-KY","555,000","16,530,850","29.50","30.10","29.30","30.00","+0.60","363"
"8411","福貞-KY","53,000","548,800","10.45","10.45","10.30","10.45"," 0.00","33"
"8422","可寧衛","334,000","52,084,500","154.50","157.00","154.50","156.50","+2.00","228"
"8427","基勝-KY","12,000","573,100","48.35","48.85","47.10","48.85","X0.00","11"
"8429","金麗-KY","211,000","1,528,300","7.25","7.29","7.21","7.21","-0.03","117"
"8442","威宏-KY","25,000","1,024,550","41.45","41.45","40.65","41.15","-0.25","24"
"8443","阿瘦","5,000","42,830","8.55","8.57","8.55","8.57","-0.10","5"
"8454","富邦媒","792,000","411,361,500","496.00","534.00","494.00","526.00","+30.00","767"
"8462","柏文","1,157,000","230,439,000","193.50","202.00","193.50","200.50","+8.50","937"
"8463","潤泰材","194,000","7,440,700","38.65","38.70","38.00","38.20","-0.40","141"
"8464","億豐","1,058,000","263,969,000","248.00","252.50","246.00","248.50","+3.00","641"
"8466","美吉吉-KY","6,000","398,700","66.00","67.00","66.00","67.00","+0.30","6"
"8467","波力-KY","92,000","4,999,400","51.40","54.80","51.30","54.80","+4.90","65"
"8473","山林水","70,000","3,016,650","43.25","43.45","42.85","42.85","-0.35","47"
"8478","東哥遊艇","38,000","1,337,800","35.85","35.85","35.10","35.20","-0.65","32"
"8480","泰昇-KY","17,000","2,343,000","139.50","139.50","136.00","137.50","-2.00","17"
"8481","政伸","7,000","409,200","58.30","59.20","58.30","58.40","-1.10","6"
"8482","商億-KY","233,000","24,372,500","105.00","105.50","104.00","104.00"," 0.00","138"
"8488","吉源-KY","7,000","94,250","13.45","13.55","13.35","13.55","-0.05","7"
"8497","格威傳媒","1,000","67,000","67.00","67.00","67.00","67.00"," 0.00","1"
"8499","鼎炫-KY","151,000","15,574,500","101.50","105.00","101.50","103.00","+2.00","127"
"8926","台汽電","3,671,000","134,738,100","37.35","37.35","36.45","36.65","-0.70","1,946"
"8940","新天地","50,000","494,870","9.96","9.99","9.79","9.79","-0.17","26"
"8996","高力","12,039,000","862,756,400","71.30","73.40","70.00","71.50","+2.80","8,266"
"9103","美德醫療-DR","4,565,000","23,651,050","5.28","5.28","5.15","5.15","+0.20","628"
"910322","康師傅-DR","6,000","157,900","26.60","26.60","26.15","26.20","-1.40","4"
"910482","聖馬丁-DR","2,301,000","596,220","0.26","0.26","0.25","0.25"," 0.00","37"
"9105","泰金寶-DR","349,000","851,320","2.46","2.46","2.43","2.44","-0.04","61"
"910861","神州-DR","62,000","530,670","8.59","8.60","8.48","8.48","-0.01","17"
"9110","越南控-DR","33,000","44,480","1.36","1.37","1.31","1.34","+0.01","13"
"911608","明輝-DR","0","0","0.00","0.00","0.00","0.00"," 0.00","0"
"911616","杜康-DR","72,000","64,510","0.91","0.91","0.88","0.90","-0.02","29"
"911622","泰聚亨-DR","0","0","0.00","0.00","0.00","0.00"," 0.00","0"
"911868","同方友友-DR","12,000","11,280","0.94","0.94","0.94","0.94","-0.03","4"
"912000","晨訊科-DR","5,000","9,540","1.91","1.91","1.90","1.90","+0.01","3"
"912398","友佳-DR","233,000","516,030","2.33","2.33","2.19","2.23"," 0.00","43"
"9136","巨騰-DR","612,000","5,854,830","9.59","9.68","9.51","9.51","+0.06","104"
"9188","精熙-DR","67,000","169,250","2.53","2.53","2.50","2.52"," 0.00","20"
"9802","鈺齊-KY","1,375,000","120,783,800","87.50","88.40","87.30","87.30","+0.40","945"
"9902","台火","47,000","407,310","8.67","8.70","8.64","8.64","-0.03","37"
"9904","寶成","6,469,000","176,352,950","27.40","27.45","27.10","27.40","-0.05","3,383"
"9905","大華","39,000","829,900","21.30","21.40","21.20","21.25"," 0.00","29"
"9906","欣巴巴","65,000","1,425,000","22.00","22.00","21.85","21.85","+0.05","46"
"9907","統一實","1,455,000","12,574,400","8.69","8.74","8.60","8.63","-0.02","380"
"9908","大台北","280,000","8,382,050","29.90","30.10","29.90","29.90","-0.10","122"
"9910","豐泰","5,818,000","1,011,131,000","168.50","176.50","165.00","175.00","+6.50","3,469"
"9911","櫻花","155,000","7,205,700","46.70","46.90","45.25","46.55","-0.10","121"
"9912","偉聯","68,000","447,500","6.74","6.74","6.36","6.70","-0.11","43"
"9914","美利達","3,892,000","690,891,000","172.00","181.50","172.00","178.00","+8.50","2,896"
"9917","中保科","501,000","43,125,300","86.00","86.40","85.90","85.90","-0.10","305"
"9918","欣天然","11,000","378,400","34.90","34.90","34.20","34.20","-0.30","11"
"9919","康那香","9,206,000","297,160,550","31.10","32.90","31.00","32.90","+2.95","2,850"
"9921","巨大","4,460,000","1,024,747,500","224.00","233.50","223.00","228.50","+10.50","3,362"
"9924","福興","97,000","3,931,950","40.50","40.75","40.40","40.45","-0.05","81"
"9925","新保","412,000","14,842,800","36.00","36.20","35.90","36.00","-0.25","217"
"9926","新海","5,000","210,000","42.00","42.00","42.00","42.00"," 0.00","5"
"9927","泰銘","137,000","4,083,650","29.85","29.95","29.70","29.95","+0.10","72"
"9928","中視","10,000","37,900","3.79","3.79","3.79","3.79","+0.09","5"
"9929","秋雨","43,000","511,750","11.80","12.15","11.75","12.15"," 0.00","20"
"9930","中聯資源","90,000","3,960,650","44.00","44.25","43.80","43.80","-0.20","78"
"9931","欣高","4,000","160,400","39.80","40.45","39.75","40.45"," 0.00","4"
"9933","中鼎","2,237,000","76,388,600","34.20","34.40","33.95","34.30","+0.40","1,415"
"9934","成霖","580,000","7,105,750","12.30","12.40","12.10","12.15","-0.15","208"
"9935","慶豐富","574,000","15,870,650","27.80","28.00","27.35","27.75","+0.40","315"
"9937","全國","20,000","878,200","43.85","44.35","43.80","43.95","-0.20","14"
"9938","百和","3,876,000","255,105,800","66.80","66.80","64.40","66.00","+0.20","2,588"
"9939","宏全","2,092,000","115,558,400","56.50","56.60","54.60","54.60","-2.20","1,311"
"9940","信義","272,000","7,045,900","25.75","26.05","25.65","25.70","-0.05","165"
"9941","裕融","311,000","30,993,500","99.60","100.50","99.20","99.60","+0.60","222"
"9941A","裕融甲特","4,000","211,100","52.70","52.80","52.70","52.80"," 0.00","4"
"9942","茂順","59,000","3,777,200","63.50","64.90","63.50","64.30","+0.80","50"
"9943","好樂迪","118,000","7,524,500","64.00","64.10","63.60","63.60","-0.30","103"
"9944","新麗","9,676,000","218,614,750","21.65","23.20","21.10","23.20","+2.10","4,038"
"9945","潤泰新","3,236,000","145,878,000","45.30","45.35","44.85","45.00","-0.25","1,665"
"9946","三發地產","201,000","2,986,400","14.80","15.05","14.55","15.05","+0.05","93"
"9955","佳龍","671,000","11,258,900","17.00","17.00","16.60","16.70","-0.05","292"
"9958","世紀鋼","6,583,000","566,607,600","87.60","88.00","84.60","84.60","-1.90","4,378"
